{
    "licenses": [
        {
            "name": "",
            "id": 0,
            "url": ""
        }
    ],
    "info": {
        "contributor": "",
        "date_created": "",
        "description": "",
        "url": "",
        "version": "",
        "year": ""
    },
    "categories": [
        {
            "id": 49998,
            "name": "climb_over_railing",
            "supercategory": "",
            "keypoints": [
                "鼻子",
                "左眼",
                "右眼",
                "左耳",
                "右耳",
                "左肩膀",
                "右肩膀",
                "左肘",
                "右肘",
                "左手腕",
                "右手腕",
                "左腿跟",
                "右腿跟",
                "左膝盖",
                "右膝盖",
                "左脚腕",
                "右脚腕"
            ],
            "skeleton": [
                [
                    6,
                    12
                ],
                [
                    7,
                    13
                ],
                [
                    1,
                    6
                ],
                [
                    7,
                    1
                ],
                [
                    7,
                    6
                ],
                [
                    14,
                    16
                ],
                [
                    12,
                    14
                ],
                [
                    15,
                    17
                ],
                [
                    13,
                    15
                ],
                [
                    8,
                    10
                ],
                [
                    6,
                    8
                ],
                [
                    9,
                    11
                ],
                [
                    7,
                    9
                ],
                [
                    3,
                    5
                ],
                [
                    2,
                    4
                ],
                [
                    1,
                    2
                ],
                [
                    1,
                    3
                ]
            ]
        },
        {
            "id": 50016,
            "name": "jump_over_railing",
            "supercategory": "",
            "keypoints": [
                "鼻子",
                "左眼",
                "右眼",
                "左耳",
                "右耳",
                "左肩膀",
                "右肩膀",
                "左肘",
                "右肘",
                "左手腕",
                "右手腕",
                "左腿跟",
                "右腿跟",
                "左膝盖",
                "右膝盖",
                "左脚腕",
                "右脚腕"
            ],
            "skeleton": [
                [
                    6,
                    12
                ],
                [
                    7,
                    13
                ],
                [
                    1,
                    6
                ],
                [
                    7,
                    1
                ],
                [
                    7,
                    6
                ],
                [
                    14,
                    16
                ],
                [
                    12,
                    14
                ],
                [
                    15,
                    17
                ],
                [
                    13,
                    15
                ],
                [
                    8,
                    10
                ],
                [
                    6,
                    8
                ],
                [
                    9,
                    11
                ],
                [
                    7,
                    9
                ],
                [
                    3,
                    5
                ],
                [
                    2,
                    4
                ],
                [
                    1,
                    2
                ],
                [
                    1,
                    3
                ]
            ]
        },
        {
            "id": 50034,
            "name": "person",
            "supercategory": "",
            "keypoints": [
                "鼻子",
                "左眼",
                "右眼",
                "左耳",
                "右耳",
                "左肩膀",
                "右肩膀",
                "左肘",
                "右肘",
                "左手腕",
                "右手腕",
                "左腿跟",
                "右腿跟",
                "左膝盖",
                "右膝盖",
                "左脚腕",
                "右脚腕"
            ],
            "skeleton": [
                [
                    6,
                    12
                ],
                [
                    7,
                    13
                ],
                [
                    1,
                    6
                ],
                [
                    7,
                    1
                ],
                [
                    7,
                    6
                ],
                [
                    14,
                    16
                ],
                [
                    12,
                    14
                ],
                [
                    15,
                    17
                ],
                [
                    13,
                    15
                ],
                [
                    8,
                    10
                ],
                [
                    6,
                    8
                ],
                [
                    9,
                    11
                ],
                [
                    7,
                    9
                ],
                [
                    3,
                    5
                ],
                [
                    2,
                    4
                ],
                [
                    1,
                    2
                ],
                [
                    1,
                    3
                ]
            ]
        }
    ],
    "images": [
        {
            "id": 845,
            "width": 1920,
            "height": 1080,
            "file_name": "street_118_000171.jpg",
            "path": "",
            "license": 0,
            "flickr_url": "",
            "coco_url": "",
            "date_captured": 0
        }
    ],
    "annotations": [
        {
            "id": 3342,
            "source_id": 96147012,
            "track_id": null,
            "image_id": 845,
            "frame": 845,
            "category_id": 49998,
            "category_name": "climb_over_railing",
            "segmentation": [],
            "area": 15142.699999999997,
            "iscrowd": 0,
            "bbox": [
                997.5,
                448.1,
                81.5,
                185.79999999999995
            ],
            "isbbox": true,
            "attributes": {},
            "keypoints": [
                1028.2,
                476.8,
                2,
                1032.74,
                471.23,
                2,
                1025.36,
                470.87,
                2,
                1043.93,
                470.17,
                2,
                1030.81,
                469.01,
                1,
                1051.94,
                481.59,
                2,
                1025.94,
                482.05,
                2,
                1063.52,
                520.87,
                2,
                1024.23,
                510.5,
                2,
                1060.43,
                541.56,
                2,
                1016.04,
                537.92,
                2,
                1072.54,
                533.58,
                2,
                1042.73,
                530.65,
                2,
                1056.91,
                566.18,
                2,
                1021.14,
                551.0,
                2,
                1061.26,
                618.12,
                2,
                1052.07,
                578.77,
                2
            ],
            "num_keypoints": 17,
            "polylines": []
        },
        {
            "id": 3343,
            "source_id": 96147013,
            "track_id": null,
            "image_id": 845,
            "frame": 845,
            "category_id": 50034,
            "category_name": "person",
            "segmentation": [],
            "area": 12416.25,
            "iscrowd": 0,
            "bbox": [
                1189.6,
                449.6,
                64.5,
                192.5
            ],
            "isbbox": true,
            "attributes": {},
            "keypoints": [
                1223.75,
                467.85,
                2,
                1229.18,
                465.07,
                2,
                1221.37,
                464.81,
                2,
                1235.4,
                468.66,
                2,
                1216.6,
                466.86,
                1,
                1247.98,
                489.78,
                2,
                1207.79,
                485.92,
                2,
                1250.47,
                520.68,
                2,
                1198.74,
                516.3,
                2,
                1247.11,
                544.66,
                2,
                1193.51,
                535.77,
                2,
                1237.35,
                536.31,
                2,
                1212.26,
                540.77,
                2,
                1223.15,
                575.42,
                2,
                1214.5,
                575.72,
                2,
                1218.62,
                625.77,
                2,
                1217.36,
                613.12,
                1
            ],
            "num_keypoints": 17,
            "polylines": []
        },
        {
            "id": 3344,
            "source_id": 96148483,
            "track_id": null,
            "image_id": 845,
            "frame": 845,
            "category_id": 50034,
            "category_name": "person",
            "segmentation": [],
            "area": 29207.360000000008,
            "iscrowd": 0,
            "bbox": [
                769.1,
                453.4,
                145.60000000000002,
                200.60000000000002
            ],
            "isbbox": true,
            "attributes": {},
            "keypoints": [
                911.21,
                477.68,
                2,
                911.53,
                471.24,
                1,
                909.49,
                469.93,
                1,
                904.48,
                465.56,
                1,
                901.56,
                470.76,
                2,
                870.96,
                478.31,
                2,
                907.51,
                491.69,
                2,
                862.94,
                515.9,
                0,
                896.0,
                517.61,
                2,
                875.92,
                550.55,
                1,
                892.44,
                548.22,
                2,
                848.63,
                531.64,
                2,
                868.64,
                547.36,
                2,
                820.96,
                575.04,
                2,
                864.3,
                591.93,
                2,
                785.41,
                591.53,
                2,
                864.71,
                635.24,
                2
            ],
            "num_keypoints": 17,
            "polylines": []
        }
    ]
}