{
    "licenses": [
        {
            "name": "",
            "id": 0,
            "url": ""
        }
    ],
    "info": {
        "contributor": "",
        "date_created": "",
        "description": "",
        "url": "",
        "version": "",
        "year": ""
    },
    "categories": [
        {
            "id": 49231,
            "name": "climb_over_railing",
            "supercategory": "",
            "keypoints": [
                "鼻子",
                "左眼",
                "右眼",
                "左耳",
                "右耳",
                "左肩膀",
                "右肩膀",
                "左肘",
                "右肘",
                "左手腕",
                "右手腕",
                "左腿跟",
                "右腿跟",
                "左膝盖",
                "右膝盖",
                "左脚腕",
                "右脚腕"
            ],
            "skeleton": [
                [
                    6,
                    12
                ],
                [
                    7,
                    13
                ],
                [
                    1,
                    6
                ],
                [
                    7,
                    1
                ],
                [
                    7,
                    6
                ],
                [
                    14,
                    16
                ],
                [
                    12,
                    14
                ],
                [
                    15,
                    17
                ],
                [
                    13,
                    15
                ],
                [
                    8,
                    10
                ],
                [
                    6,
                    8
                ],
                [
                    9,
                    11
                ],
                [
                    7,
                    9
                ],
                [
                    3,
                    5
                ],
                [
                    2,
                    4
                ],
                [
                    1,
                    2
                ],
                [
                    1,
                    3
                ]
            ]
        },
        {
            "id": 49249,
            "name": "jump_over_railing",
            "supercategory": "",
            "keypoints": [
                "鼻子",
                "左眼",
                "右眼",
                "左耳",
                "右耳",
                "左肩膀",
                "右肩膀",
                "左肘",
                "右肘",
                "左手腕",
                "右手腕",
                "左腿跟",
                "右腿跟",
                "左膝盖",
                "右膝盖",
                "左脚腕",
                "右脚腕"
            ],
            "skeleton": [
                [
                    6,
                    12
                ],
                [
                    7,
                    13
                ],
                [
                    1,
                    6
                ],
                [
                    7,
                    1
                ],
                [
                    7,
                    6
                ],
                [
                    14,
                    16
                ],
                [
                    12,
                    14
                ],
                [
                    15,
                    17
                ],
                [
                    13,
                    15
                ],
                [
                    8,
                    10
                ],
                [
                    6,
                    8
                ],
                [
                    9,
                    11
                ],
                [
                    7,
                    9
                ],
                [
                    3,
                    5
                ],
                [
                    2,
                    4
                ],
                [
                    1,
                    2
                ],
                [
                    1,
                    3
                ]
            ]
        },
        {
            "id": 49267,
            "name": "person",
            "supercategory": "",
            "keypoints": [
                "鼻子",
                "左眼",
                "右眼",
                "左耳",
                "右耳",
                "左肩膀",
                "右肩膀",
                "左肘",
                "右肘",
                "左手腕",
                "右手腕",
                "左腿跟",
                "右腿跟",
                "左膝盖",
                "右膝盖",
                "左脚腕",
                "右脚腕"
            ],
            "skeleton": [
                [
                    6,
                    12
                ],
                [
                    7,
                    13
                ],
                [
                    1,
                    6
                ],
                [
                    7,
                    1
                ],
                [
                    7,
                    6
                ],
                [
                    14,
                    16
                ],
                [
                    12,
                    14
                ],
                [
                    15,
                    17
                ],
                [
                    13,
                    15
                ],
                [
                    8,
                    10
                ],
                [
                    6,
                    8
                ],
                [
                    9,
                    11
                ],
                [
                    7,
                    9
                ],
                [
                    3,
                    5
                ],
                [
                    2,
                    4
                ],
                [
                    1,
                    2
                ],
                [
                    1,
                    3
                ]
            ]
        }
    ],
    "images": [
        {
            "id": 637,
            "width": 1920,
            "height": 1080,
            "file_name": "street_107_001054.jpg",
            "path": "",
            "license": 0,
            "flickr_url": "",
            "coco_url": "",
            "date_captured": 0
        }
    ],
    "annotations": [
        {
            "id": 2615,
            "source_id": 96114593,
            "track_id": null,
            "image_id": 637,
            "frame": 637,
            "category_id": 49231,
            "category_name": "climb_over_railing",
            "segmentation": [],
            "area": 26096.489999999998,
            "iscrowd": 0,
            "bbox": [
                911.9,
                558.8,
                144.89999999999998,
                180.10000000000002
            ],
            "isbbox": true,
            "attributes": {},
            "keypoints": [
                1036.16,
                588.0,
                1,
                1040.27,
                583.56,
                1,
                1039.34,
                587.02,
                1,
                1032.81,
                574.33,
                1,
                1031.57,
                581.18,
                2,
                1020.27,
                573.23,
                2,
                1017.46,
                594.83,
                2,
                1007.87,
                611.9,
                1,
                1003.95,
                631.39,
                2,
                1013.84,
                643.45,
                2,
                1031.93,
                623.32,
                2,
                982.74,
                630.02,
                1,
                990.09,
                648.5,
                2,
                966.08,
                643.14,
                2,
                988.14,
                680.73,
                2,
                937.36,
                631.25,
                2,
                983.41,
                723.8,
                2
            ],
            "num_keypoints": 17,
            "polylines": []
        },
        {
            "id": 2616,
            "source_id": 96114594,
            "track_id": null,
            "image_id": 637,
            "frame": 637,
            "category_id": 49267,
            "category_name": "person",
            "segmentation": [],
            "area": 17790.840000000004,
            "iscrowd": 0,
            "bbox": [
                1146.5,
                539.7,
                86.70000000000005,
                205.19999999999993
            ],
            "isbbox": true,
            "attributes": {},
            "keypoints": [
                1194.58,
                562.66,
                2,
                1194.03,
                558.31,
                2,
                1189.51,
                560.52,
                2,
                1194.46,
                556.75,
                1,
                1177.92,
                561.55,
                2,
                1201.12,
                579.1,
                2,
                1162.49,
                581.73,
                2,
                1200.95,
                611.46,
                2,
                1152.5,
                613.05,
                2,
                1193.42,
                624.06,
                0,
                1170.0,
                628.86,
                2,
                1196.67,
                646.15,
                2,
                1172.57,
                649.66,
                2,
                1203.72,
                682.03,
                2,
                1164.44,
                689.06,
                2,
                1211.77,
                726.17,
                2,
                1160.61,
                726.34,
                1
            ],
            "num_keypoints": 17,
            "polylines": []
        },
        {
            "id": 2617,
            "source_id": 96114595,
            "track_id": null,
            "image_id": 637,
            "frame": 637,
            "category_id": 49231,
            "category_name": "climb_over_railing",
            "segmentation": [],
            "area": 39520.69999999998,
            "iscrowd": 0,
            "bbox": [
                1369.5,
                590.2,
                174.0999999999999,
                227.0
            ],
            "isbbox": true,
            "attributes": {},
            "keypoints": [
                1392.22,
                623.36,
                2,
                1398.49,
                621.49,
                2,
                1389.71,
                618.26,
                2,
                1410.9,
                616.72,
                2,
                1388.12,
                611.82,
                1,
                1429.88,
                632.51,
                2,
                1381.07,
                624.38,
                2,
                1432.21,
                668.83,
                2,
                1380.31,
                668.91,
                2,
                1428.43,
                701.5,
                2,
                1389.08,
                693.16,
                2,
                1445.94,
                686.93,
                2,
                1425.05,
                702.6,
                1,
                1468.36,
                715.74,
                2,
                1425.46,
                750.13,
                2,
                1520.12,
                688.06,
                2,
                1431.93,
                798.35,
                2
            ],
            "num_keypoints": 17,
            "polylines": []
        }
    ]
}