{
    "licenses": [
        {
            "name": "",
            "id": 0,
            "url": ""
        }
    ],
    "info": {
        "contributor": "",
        "date_created": "",
        "description": "",
        "url": "",
        "version": "",
        "year": ""
    },
    "categories": [
        {
            "id": 50411,
            "name": "climb_over_railing",
            "supercategory": "",
            "keypoints": [
                "鼻子",
                "左眼",
                "右眼",
                "左耳",
                "右耳",
                "左肩膀",
                "右肩膀",
                "左肘",
                "右肘",
                "左手腕",
                "右手腕",
                "左腿跟",
                "右腿跟",
                "左膝盖",
                "右膝盖",
                "左脚腕",
                "右脚腕"
            ],
            "skeleton": [
                [
                    6,
                    12
                ],
                [
                    7,
                    13
                ],
                [
                    1,
                    6
                ],
                [
                    7,
                    1
                ],
                [
                    7,
                    6
                ],
                [
                    14,
                    16
                ],
                [
                    12,
                    14
                ],
                [
                    15,
                    17
                ],
                [
                    13,
                    15
                ],
                [
                    8,
                    10
                ],
                [
                    6,
                    8
                ],
                [
                    9,
                    11
                ],
                [
                    7,
                    9
                ],
                [
                    3,
                    5
                ],
                [
                    2,
                    4
                ],
                [
                    1,
                    2
                ],
                [
                    1,
                    3
                ]
            ]
        },
        {
            "id": 50429,
            "name": "jump_over_railing",
            "supercategory": "",
            "keypoints": [
                "鼻子",
                "左眼",
                "右眼",
                "左耳",
                "右耳",
                "左肩膀",
                "右肩膀",
                "左肘",
                "右肘",
                "左手腕",
                "右手腕",
                "左腿跟",
                "右腿跟",
                "左膝盖",
                "右膝盖",
                "左脚腕",
                "右脚腕"
            ],
            "skeleton": [
                [
                    6,
                    12
                ],
                [
                    7,
                    13
                ],
                [
                    1,
                    6
                ],
                [
                    7,
                    1
                ],
                [
                    7,
                    6
                ],
                [
                    14,
                    16
                ],
                [
                    12,
                    14
                ],
                [
                    15,
                    17
                ],
                [
                    13,
                    15
                ],
                [
                    8,
                    10
                ],
                [
                    6,
                    8
                ],
                [
                    9,
                    11
                ],
                [
                    7,
                    9
                ],
                [
                    3,
                    5
                ],
                [
                    2,
                    4
                ],
                [
                    1,
                    2
                ],
                [
                    1,
                    3
                ]
            ]
        },
        {
            "id": 50447,
            "name": "person",
            "supercategory": "",
            "keypoints": [
                "鼻子",
                "左眼",
                "右眼",
                "左耳",
                "右耳",
                "左肩膀",
                "右肩膀",
                "左肘",
                "右肘",
                "左手腕",
                "右手腕",
                "左腿跟",
                "右腿跟",
                "左膝盖",
                "右膝盖",
                "左脚腕",
                "右脚腕"
            ],
            "skeleton": [
                [
                    6,
                    12
                ],
                [
                    7,
                    13
                ],
                [
                    1,
                    6
                ],
                [
                    7,
                    1
                ],
                [
                    7,
                    6
                ],
                [
                    14,
                    16
                ],
                [
                    12,
                    14
                ],
                [
                    15,
                    17
                ],
                [
                    13,
                    15
                ],
                [
                    8,
                    10
                ],
                [
                    6,
                    8
                ],
                [
                    9,
                    11
                ],
                [
                    7,
                    9
                ],
                [
                    3,
                    5
                ],
                [
                    2,
                    4
                ],
                [
                    1,
                    2
                ],
                [
                    1,
                    3
                ]
            ]
        }
    ],
    "images": [
        {
            "id": 331,
            "width": 1920,
            "height": 1080,
            "file_name": "street_129_000453.jpg",
            "path": "",
            "license": 0,
            "flickr_url": "",
            "coco_url": "",
            "date_captured": 0
        }
    ],
    "annotations": [
        {
            "id": 1044,
            "source_id": 96763023,
            "track_id": null,
            "image_id": 331,
            "frame": 331,
            "category_id": 50411,
            "category_name": "climb_over_railing",
            "segmentation": [],
            "area": 22785.839999999982,
            "iscrowd": 0,
            "bbox": [
                875.7,
                523.4,
                138.5999999999999,
                164.39999999999998
            ],
            "isbbox": true,
            "attributes": {},
            "keypoints": [
                1011.01,
                542.59,
                1,
                1011.08,
                537.82,
                1,
                1009.77,
                539.2,
                1,
                1008.13,
                538.8,
                1,
                1007.52,
                540.06,
                2,
                983.06,
                543.14,
                2,
                1003.93,
                557.52,
                2,
                971.13,
                571.2,
                0,
                1001.29,
                585.44,
                2,
                982.89,
                596.75,
                1,
                1004.5,
                599.81,
                2,
                951.06,
                583.92,
                2,
                968.14,
                597.08,
                2,
                924.38,
                599.16,
                2,
                959.18,
                631.62,
                2,
                902.15,
                615.25,
                2,
                958.24,
                672.59,
                2
            ],
            "num_keypoints": 17,
            "polylines": []
        },
        {
            "id": 1045,
            "source_id": 96763212,
            "track_id": null,
            "image_id": 331,
            "frame": 331,
            "category_id": 50447,
            "category_name": "person",
            "segmentation": [],
            "area": 13300.308000000025,
            "iscrowd": 0,
            "bbox": [
                1082.3,
                538.27,
                87.60000000000014,
                151.83000000000004
            ],
            "isbbox": true,
            "attributes": {},
            "keypoints": [
                1118.48,
                546.64,
                0,
                1115.24,
                543.74,
                0,
                1120.78,
                544.61,
                0,
                1112.44,
                545.72,
                0,
                1122.32,
                548.82,
                0,
                1100.74,
                550.03,
                2,
                1131.93,
                560.06,
                2,
                1093.46,
                573.3,
                2,
                1144.05,
                581.59,
                2,
                1111.44,
                584.04,
                0,
                1159.48,
                599.56,
                2,
                1095.79,
                595.54,
                2,
                1114.38,
                601.31,
                2,
                1092.17,
                630.9,
                2,
                1105.58,
                633.43,
                2,
                1096.53,
                673.26,
                2,
                1102.26,
                670.69,
                2
            ],
            "num_keypoints": 17,
            "polylines": []
        },
        {
            "id": 1046,
            "source_id": 96763213,
            "track_id": null,
            "image_id": 331,
            "frame": 331,
            "category_id": 50447,
            "category_name": "person",
            "segmentation": [],
            "area": 9705.499999999993,
            "iscrowd": 0,
            "bbox": [
                1169.8,
                521.2,
                65.79999999999995,
                147.5
            ],
            "isbbox": true,
            "attributes": {},
            "keypoints": [
                1175.39,
                543.51,
                1,
                1176.44,
                540.14,
                1,
                1174.32,
                539.55,
                1,
                1182.72,
                538.9,
                2,
                1179.49,
                538.0,
                1,
                1193.74,
                557.01,
                2,
                1186.04,
                550.73,
                1,
                1193.17,
                580.39,
                2,
                1195.35,
                573.58,
                1,
                1184.92,
                594.62,
                1,
                1196.75,
                592.48,
                2,
                1212.74,
                591.68,
                2,
                1206.59,
                589.76,
                1,
                1216.71,
                625.11,
                2,
                1208.48,
                624.9,
                1,
                1222.3,
                656.84,
                2,
                1215.33,
                650.53,
                2
            ],
            "num_keypoints": 17,
            "polylines": []
        }
    ]
}