{
    "licenses": [
        {
            "name": "",
            "id": 0,
            "url": ""
        }
    ],
    "info": {
        "contributor": "",
        "date_created": "",
        "description": "",
        "url": "",
        "version": "",
        "year": ""
    },
    "categories": [
        {
            "id": 48798,
            "name": "climb_over_railing",
            "supercategory": "",
            "keypoints": [
                "鼻子",
                "左眼",
                "右眼",
                "左耳",
                "右耳",
                "左肩膀",
                "右肩膀",
                "左肘",
                "右肘",
                "左手腕",
                "右手腕",
                "左腿跟",
                "右腿跟",
                "左膝盖",
                "右膝盖",
                "左脚腕",
                "右脚腕"
            ],
            "skeleton": [
                [
                    6,
                    12
                ],
                [
                    7,
                    13
                ],
                [
                    1,
                    6
                ],
                [
                    7,
                    1
                ],
                [
                    7,
                    6
                ],
                [
                    14,
                    16
                ],
                [
                    12,
                    14
                ],
                [
                    15,
                    17
                ],
                [
                    13,
                    15
                ],
                [
                    8,
                    10
                ],
                [
                    6,
                    8
                ],
                [
                    9,
                    11
                ],
                [
                    7,
                    9
                ],
                [
                    3,
                    5
                ],
                [
                    2,
                    4
                ],
                [
                    1,
                    2
                ],
                [
                    1,
                    3
                ]
            ]
        },
        {
            "id": 48816,
            "name": "jump_over_railing",
            "supercategory": "",
            "keypoints": [
                "鼻子",
                "左眼",
                "右眼",
                "左耳",
                "右耳",
                "左肩膀",
                "右肩膀",
                "左肘",
                "右肘",
                "左手腕",
                "右手腕",
                "左腿跟",
                "右腿跟",
                "左膝盖",
                "右膝盖",
                "左脚腕",
                "右脚腕"
            ],
            "skeleton": [
                [
                    6,
                    12
                ],
                [
                    7,
                    13
                ],
                [
                    1,
                    6
                ],
                [
                    7,
                    1
                ],
                [
                    7,
                    6
                ],
                [
                    14,
                    16
                ],
                [
                    12,
                    14
                ],
                [
                    15,
                    17
                ],
                [
                    13,
                    15
                ],
                [
                    8,
                    10
                ],
                [
                    6,
                    8
                ],
                [
                    9,
                    11
                ],
                [
                    7,
                    9
                ],
                [
                    3,
                    5
                ],
                [
                    2,
                    4
                ],
                [
                    1,
                    2
                ],
                [
                    1,
                    3
                ]
            ]
        },
        {
            "id": 48834,
            "name": "person",
            "supercategory": "",
            "keypoints": [
                "鼻子",
                "左眼",
                "右眼",
                "左耳",
                "右耳",
                "左肩膀",
                "右肩膀",
                "左肘",
                "右肘",
                "左手腕",
                "右手腕",
                "左腿跟",
                "右腿跟",
                "左膝盖",
                "右膝盖",
                "左脚腕",
                "右脚腕"
            ],
            "skeleton": [
                [
                    6,
                    12
                ],
                [
                    7,
                    13
                ],
                [
                    1,
                    6
                ],
                [
                    7,
                    1
                ],
                [
                    7,
                    6
                ],
                [
                    14,
                    16
                ],
                [
                    12,
                    14
                ],
                [
                    15,
                    17
                ],
                [
                    13,
                    15
                ],
                [
                    8,
                    10
                ],
                [
                    6,
                    8
                ],
                [
                    9,
                    11
                ],
                [
                    7,
                    9
                ],
                [
                    3,
                    5
                ],
                [
                    2,
                    4
                ],
                [
                    1,
                    2
                ],
                [
                    1,
                    3
                ]
            ]
        }
    ],
    "images": [
        {
            "id": 847,
            "width": 1920,
            "height": 1080,
            "file_name": "street_6_001444.jpg",
            "path": "",
            "license": 0,
            "flickr_url": "",
            "coco_url": "",
            "date_captured": 0
        }
    ],
    "annotations": [
        {
            "id": 2535,
            "source_id": 94091469,
            "track_id": null,
            "image_id": 847,
            "frame": 847,
            "category_id": 48798,
            "category_name": "climb_over_railing",
            "segmentation": [],
            "area": 60722.036700000026,
            "iscrowd": 0,
            "bbox": [
                919.37,
                209.41,
                192.5300000000001,
                315.39
            ],
            "isbbox": true,
            "attributes": {},
            "keypoints": [
                944.51,
                267.19,
                1,
                939.78,
                262.6,
                1,
                939.01,
                258.68,
                1,
                948.92,
                257.68,
                2,
                951.27,
                249.72,
                1,
                980.69,
                286.51,
                2,
                994.75,
                217.15,
                2,
                1002.04,
                353.63,
                2,
                1037.1,
                231.9,
                1,
                1000.23,
                408.66,
                2,
                1039.31,
                283.86,
                0,
                1064.67,
                334.71,
                2,
                1086.29,
                297.64,
                1,
                1034.63,
                419.36,
                2,
                1011.43,
                357.72,
                1,
                1044.24,
                497.32,
                2,
                1083.96,
                377.33,
                2
            ],
            "num_keypoints": 17,
            "polylines": []
        },
        {
            "id": 2536,
            "source_id": 94092877,
            "track_id": null,
            "image_id": 847,
            "frame": 847,
            "category_id": 48798,
            "category_name": "climb_over_railing",
            "segmentation": [],
            "area": 64789.685999999994,
            "iscrowd": 0,
            "bbox": [
                790.93,
                208.6,
                162.87,
                397.79999999999995
            ],
            "isbbox": true,
            "attributes": {},
            "keypoints": [
                841.37,
                242.81,
                0,
                827.67,
                238.13,
                0,
                848.53,
                235.44,
                0,
                822.24,
                253.73,
                2,
                862.83,
                246.92,
                2,
                802.06,
                298.64,
                2,
                883.39,
                263.67,
                2,
                813.98,
                376.6,
                2,
                939.63,
                320.61,
                2,
                867.61,
                404.79,
                0,
                930.91,
                355.8,
                0,
                854.48,
                409.98,
                2,
                914.23,
                377.92,
                2,
                867.66,
                494.7,
                2,
                945.39,
                359.05,
                2,
                878.09,
                568.15,
                2,
                903.19,
                437.19,
                2
            ],
            "num_keypoints": 17,
            "polylines": []
        },
        {
            "id": 2537,
            "source_id": 94288404,
            "track_id": null,
            "image_id": 847,
            "frame": 847,
            "category_id": 48834,
            "category_name": "person",
            "segmentation": [],
            "area": 45342.84879999998,
            "iscrowd": 0,
            "bbox": [
                1116.97,
                163.14,
                132.82999999999993,
                341.36
            ],
            "isbbox": true,
            "attributes": {},
            "keypoints": [
                1172.08,
                205.68,
                1,
                1178.13,
                191.16,
                1,
                1173.18,
                190.1,
                1,
                1199.04,
                193.16,
                2,
                1193.06,
                191.08,
                1,
                1196.47,
                239.89,
                2,
                1225.89,
                218.34,
                1,
                1189.83,
                309.51,
                2,
                1235.45,
                284.63,
                0,
                1176.97,
                350.6,
                2,
                1214.89,
                340.61,
                0,
                1208.66,
                321.26,
                2,
                1232.08,
                321.49,
                1,
                1201.89,
                410.9,
                2,
                1158.55,
                366.54,
                2,
                1209.08,
                477.46,
                2,
                1145.48,
                438.26,
                2
            ],
            "num_keypoints": 17,
            "polylines": []
        }
    ]
}