{
    "licenses": [
        {
            "name": "",
            "id": 0,
            "url": ""
        }
    ],
    "info": {
        "contributor": "",
        "date_created": "",
        "description": "",
        "url": "",
        "version": "",
        "year": ""
    },
    "categories": [
        {
            "id": 49231,
            "name": "climb_over_railing",
            "supercategory": "",
            "keypoints": [
                "鼻子",
                "左眼",
                "右眼",
                "左耳",
                "右耳",
                "左肩膀",
                "右肩膀",
                "左肘",
                "右肘",
                "左手腕",
                "右手腕",
                "左腿跟",
                "右腿跟",
                "左膝盖",
                "右膝盖",
                "左脚腕",
                "右脚腕"
            ],
            "skeleton": [
                [
                    6,
                    12
                ],
                [
                    7,
                    13
                ],
                [
                    1,
                    6
                ],
                [
                    7,
                    1
                ],
                [
                    7,
                    6
                ],
                [
                    14,
                    16
                ],
                [
                    12,
                    14
                ],
                [
                    15,
                    17
                ],
                [
                    13,
                    15
                ],
                [
                    8,
                    10
                ],
                [
                    6,
                    8
                ],
                [
                    9,
                    11
                ],
                [
                    7,
                    9
                ],
                [
                    3,
                    5
                ],
                [
                    2,
                    4
                ],
                [
                    1,
                    2
                ],
                [
                    1,
                    3
                ]
            ]
        },
        {
            "id": 49249,
            "name": "jump_over_railing",
            "supercategory": "",
            "keypoints": [
                "鼻子",
                "左眼",
                "右眼",
                "左耳",
                "右耳",
                "左肩膀",
                "右肩膀",
                "左肘",
                "右肘",
                "左手腕",
                "右手腕",
                "左腿跟",
                "右腿跟",
                "左膝盖",
                "右膝盖",
                "左脚腕",
                "右脚腕"
            ],
            "skeleton": [
                [
                    6,
                    12
                ],
                [
                    7,
                    13
                ],
                [
                    1,
                    6
                ],
                [
                    7,
                    1
                ],
                [
                    7,
                    6
                ],
                [
                    14,
                    16
                ],
                [
                    12,
                    14
                ],
                [
                    15,
                    17
                ],
                [
                    13,
                    15
                ],
                [
                    8,
                    10
                ],
                [
                    6,
                    8
                ],
                [
                    9,
                    11
                ],
                [
                    7,
                    9
                ],
                [
                    3,
                    5
                ],
                [
                    2,
                    4
                ],
                [
                    1,
                    2
                ],
                [
                    1,
                    3
                ]
            ]
        },
        {
            "id": 49267,
            "name": "person",
            "supercategory": "",
            "keypoints": [
                "鼻子",
                "左眼",
                "右眼",
                "左耳",
                "右耳",
                "左肩膀",
                "右肩膀",
                "左肘",
                "右肘",
                "左手腕",
                "右手腕",
                "左腿跟",
                "右腿跟",
                "左膝盖",
                "右膝盖",
                "左脚腕",
                "右脚腕"
            ],
            "skeleton": [
                [
                    6,
                    12
                ],
                [
                    7,
                    13
                ],
                [
                    1,
                    6
                ],
                [
                    7,
                    1
                ],
                [
                    7,
                    6
                ],
                [
                    14,
                    16
                ],
                [
                    12,
                    14
                ],
                [
                    15,
                    17
                ],
                [
                    13,
                    15
                ],
                [
                    8,
                    10
                ],
                [
                    6,
                    8
                ],
                [
                    9,
                    11
                ],
                [
                    7,
                    9
                ],
                [
                    3,
                    5
                ],
                [
                    2,
                    4
                ],
                [
                    1,
                    2
                ],
                [
                    1,
                    3
                ]
            ]
        }
    ],
    "images": [
        {
            "id": 3128,
            "width": 1920,
            "height": 1080,
            "file_name": "street_1_055716.jpg",
            "path": "",
            "license": 0,
            "flickr_url": "",
            "coco_url": "",
            "date_captured": 0
        }
    ],
    "annotations": [
        {
            "id": 11581,
            "source_id": 95273827,
            "track_id": null,
            "image_id": 3128,
            "frame": 3128,
            "category_id": 49267,
            "category_name": "person",
            "segmentation": [],
            "area": 4967.479999999998,
            "iscrowd": 0,
            "bbox": [
                1790.5,
                391.7,
                62.799999999999955,
                79.10000000000002
            ],
            "isbbox": true,
            "attributes": {},
            "keypoints": [
                1836.0,
                411.89,
                1,
                1839.18,
                407.67,
                1,
                1838.47,
                408.87,
                1,
                1833.79,
                405.69,
                1,
                1833.02,
                407.69,
                1,
                1826.75,
                418.11,
                1,
                1821.09,
                422.39,
                2,
                1821.11,
                440.88,
                0,
                1806.84,
                442.9,
                2,
                1836.78,
                439.73,
                2,
                1796.97,
                466.13,
                2,
                1824.09,
                462.01,
                1,
                1818.08,
                462.7,
                2,
                1824.02,
                467.48,
                0,
                1817.9,
                466.32,
                0,
                1823.86,
                469.75,
                0,
                1817.9,
                469.0,
                0
            ],
            "num_keypoints": 17,
            "polylines": []
        },
        {
            "id": 11582,
            "source_id": 95273828,
            "track_id": null,
            "image_id": 3128,
            "frame": 3128,
            "category_id": 49267,
            "category_name": "person",
            "segmentation": [],
            "area": 48016.639999999985,
            "iscrowd": 0,
            "bbox": [
                505.2,
                607.6,
                147.2,
                326.19999999999993
            ],
            "isbbox": true,
            "attributes": {},
            "keypoints": [
                590.75,
                656.85,
                2,
                591.3,
                649.31,
                1,
                584.22,
                651.9,
                2,
                568.73,
                645.54,
                1,
                561.74,
                649.13,
                2,
                596.21,
                659.04,
                2,
                527.48,
                669.54,
                2,
                613.38,
                711.12,
                2,
                520.59,
                733.5,
                2,
                632.59,
                755.24,
                2,
                544.81,
                767.18,
                2,
                582.41,
                762.48,
                2,
                539.26,
                769.52,
                2,
                566.93,
                843.78,
                1,
                572.92,
                830.08,
                2,
                551.16,
                895.45,
                1,
                559.3,
                895.13,
                2
            ],
            "num_keypoints": 17,
            "polylines": []
        },
        {
            "id": 11583,
            "source_id": 95273829,
            "track_id": null,
            "image_id": 3128,
            "frame": 3128,
            "category_id": 49267,
            "category_name": "person",
            "segmentation": [],
            "area": 43063.893000000025,
            "iscrowd": 0,
            "bbox": [
                1065.8,
                653.0,
                143.69000000000005,
                299.70000000000005
            ],
            "isbbox": true,
            "attributes": {},
            "keypoints": [
                1141.83,
                686.74,
                1,
                1147.52,
                684.2,
                2,
                1144.5,
                681.18,
                1,
                1163.37,
                686.06,
                1,
                1160.82,
                680.97,
                1,
                1191.11,
                719.6,
                2,
                1139.79,
                704.0,
                2,
                1188.53,
                774.54,
                2,
                1141.75,
                753.65,
                0,
                1181.91,
                825.84,
                2,
                1133.73,
                783.32,
                0,
                1165.49,
                812.83,
                2,
                1132.21,
                798.77,
                1,
                1153.86,
                872.18,
                2,
                1118.19,
                866.78,
                1,
                1156.62,
                921.15,
                2,
                1109.12,
                916.32,
                1
            ],
            "num_keypoints": 17,
            "polylines": []
        },
        {
            "id": 11584,
            "source_id": 95275071,
            "track_id": null,
            "image_id": 3128,
            "frame": 3128,
            "category_id": 49267,
            "category_name": "person",
            "segmentation": [],
            "area": 34454.75,
            "iscrowd": 0,
            "bbox": [
                1047.3,
                679.0,
                93.5,
                368.5
            ],
            "isbbox": true,
            "attributes": {},
            "keypoints": [
                1090.5,
                717.54,
                1,
                1098.83,
                713.05,
                2,
                1092.55,
                709.81,
                2,
                1119.08,
                718.62,
                2,
                1111.12,
                712.84,
                1,
                1126.27,
                748.6,
                2,
                1092.9,
                742.61,
                2,
                1107.22,
                807.8,
                2,
                1072.5,
                792.58,
                2,
                1083.07,
                766.31,
                2,
                1071.27,
                767.77,
                1,
                1122.42,
                841.06,
                2,
                1091.87,
                836.46,
                2,
                1113.83,
                923.56,
                2,
                1088.97,
                909.44,
                2,
                1112.26,
                1021.23,
                2,
                1085.03,
                977.17,
                2
            ],
            "num_keypoints": 17,
            "polylines": []
        },
        {
            "id": 11585,
            "source_id": 95275072,
            "track_id": null,
            "image_id": 3128,
            "frame": 3128,
            "category_id": 49231,
            "category_name": "climb_over_railing",
            "segmentation": [],
            "area": 46740.54000000003,
            "iscrowd": 0,
            "bbox": [
                721.8,
                596.1,
                147.4000000000001,
                317.1
            ],
            "isbbox": true,
            "attributes": {},
            "keypoints": [
                779.58,
                637.46,
                1,
                790.49,
                633.46,
                1,
                780.67,
                629.14,
                1,
                810.27,
                636.79,
                2,
                801.59,
                628.91,
                1,
                819.97,
                658.68,
                2,
                761.14,
                649.56,
                2,
                837.8,
                699.74,
                2,
                742.53,
                703.05,
                2,
                847.82,
                732.37,
                2,
                734.83,
                742.11,
                2,
                806.84,
                728.94,
                2,
                763.54,
                733.49,
                2,
                814.41,
                802.03,
                2,
                760.7,
                815.16,
                2,
                840.41,
                750.75,
                2,
                758.34,
                868.25,
                2
            ],
            "num_keypoints": 17,
            "polylines": []
        }
    ]
}