{
    "licenses": [
        {
            "name": "",
            "id": 0,
            "url": ""
        }
    ],
    "info": {
        "contributor": "",
        "date_created": "",
        "description": "",
        "url": "",
        "version": "",
        "year": ""
    },
    "categories": [
        {
            "id": 50411,
            "name": "climb_over_railing",
            "supercategory": "",
            "keypoints": [
                "鼻子",
                "左眼",
                "右眼",
                "左耳",
                "右耳",
                "左肩膀",
                "右肩膀",
                "左肘",
                "右肘",
                "左手腕",
                "右手腕",
                "左腿跟",
                "右腿跟",
                "左膝盖",
                "右膝盖",
                "左脚腕",
                "右脚腕"
            ],
            "skeleton": [
                [
                    6,
                    12
                ],
                [
                    7,
                    13
                ],
                [
                    1,
                    6
                ],
                [
                    7,
                    1
                ],
                [
                    7,
                    6
                ],
                [
                    14,
                    16
                ],
                [
                    12,
                    14
                ],
                [
                    15,
                    17
                ],
                [
                    13,
                    15
                ],
                [
                    8,
                    10
                ],
                [
                    6,
                    8
                ],
                [
                    9,
                    11
                ],
                [
                    7,
                    9
                ],
                [
                    3,
                    5
                ],
                [
                    2,
                    4
                ],
                [
                    1,
                    2
                ],
                [
                    1,
                    3
                ]
            ]
        },
        {
            "id": 50429,
            "name": "jump_over_railing",
            "supercategory": "",
            "keypoints": [
                "鼻子",
                "左眼",
                "右眼",
                "左耳",
                "右耳",
                "左肩膀",
                "右肩膀",
                "左肘",
                "右肘",
                "左手腕",
                "右手腕",
                "左腿跟",
                "右腿跟",
                "左膝盖",
                "右膝盖",
                "左脚腕",
                "右脚腕"
            ],
            "skeleton": [
                [
                    6,
                    12
                ],
                [
                    7,
                    13
                ],
                [
                    1,
                    6
                ],
                [
                    7,
                    1
                ],
                [
                    7,
                    6
                ],
                [
                    14,
                    16
                ],
                [
                    12,
                    14
                ],
                [
                    15,
                    17
                ],
                [
                    13,
                    15
                ],
                [
                    8,
                    10
                ],
                [
                    6,
                    8
                ],
                [
                    9,
                    11
                ],
                [
                    7,
                    9
                ],
                [
                    3,
                    5
                ],
                [
                    2,
                    4
                ],
                [
                    1,
                    2
                ],
                [
                    1,
                    3
                ]
            ]
        },
        {
            "id": 50447,
            "name": "person",
            "supercategory": "",
            "keypoints": [
                "鼻子",
                "左眼",
                "右眼",
                "左耳",
                "右耳",
                "左肩膀",
                "右肩膀",
                "左肘",
                "右肘",
                "左手腕",
                "右手腕",
                "左腿跟",
                "右腿跟",
                "左膝盖",
                "右膝盖",
                "左脚腕",
                "右脚腕"
            ],
            "skeleton": [
                [
                    6,
                    12
                ],
                [
                    7,
                    13
                ],
                [
                    1,
                    6
                ],
                [
                    7,
                    1
                ],
                [
                    7,
                    6
                ],
                [
                    14,
                    16
                ],
                [
                    12,
                    14
                ],
                [
                    15,
                    17
                ],
                [
                    13,
                    15
                ],
                [
                    8,
                    10
                ],
                [
                    6,
                    8
                ],
                [
                    9,
                    11
                ],
                [
                    7,
                    9
                ],
                [
                    3,
                    5
                ],
                [
                    2,
                    4
                ],
                [
                    1,
                    2
                ],
                [
                    1,
                    3
                ]
            ]
        }
    ],
    "images": [
        {
            "id": 1082,
            "width": 1920,
            "height": 1080,
            "file_name": "street_137_000686.jpg",
            "path": "",
            "license": 0,
            "flickr_url": "",
            "coco_url": "",
            "date_captured": 0
        }
    ],
    "annotations": [
        {
            "id": 3992,
            "source_id": 97023665,
            "track_id": null,
            "image_id": 1082,
            "frame": 1082,
            "category_id": 50411,
            "category_name": "climb_over_railing",
            "segmentation": [],
            "area": 14578.950000000003,
            "iscrowd": 0,
            "bbox": [
                944.4,
                445.0,
                117.10000000000002,
                124.5
            ],
            "isbbox": true,
            "attributes": {},
            "keypoints": [
                1053.07,
                466.52,
                1,
                1054.68,
                463.47,
                1,
                1052.2,
                463.46,
                1,
                1050.27,
                460.25,
                1,
                1047.62,
                459.1,
                2,
                1031.25,
                452.55,
                2,
                1034.1,
                469.59,
                2,
                1028.77,
                477.99,
                1,
                1018.05,
                488.43,
                2,
                1030.55,
                496.68,
                2,
                1014.3,
                497.58,
                2,
                994.28,
                480.93,
                2,
                1000.29,
                492.25,
                2,
                984.12,
                494.63,
                2,
                1004.68,
                524.76,
                2,
                957.83,
                490.58,
                2,
                998.6,
                558.65,
                2
            ],
            "num_keypoints": 17,
            "polylines": []
        },
        {
            "id": 3993,
            "source_id": 97023666,
            "track_id": null,
            "image_id": 1082,
            "frame": 1082,
            "category_id": 50447,
            "category_name": "person",
            "segmentation": [],
            "area": 8122.95000000001,
            "iscrowd": 0,
            "bbox": [
                828.3,
                428.7,
                54.700000000000045,
                148.50000000000006
            ],
            "isbbox": true,
            "attributes": {},
            "keypoints": [
                863.33,
                449.92,
                2,
                864.96,
                445.45,
                2,
                860.61,
                445.48,
                2,
                856.77,
                443.68,
                1,
                852.72,
                444.28,
                2,
                867.05,
                457.32,
                2,
                839.66,
                458.55,
                2,
                873.89,
                479.07,
                2,
                835.8,
                480.37,
                2,
                878.23,
                501.5,
                2,
                836.32,
                499.57,
                2,
                870.66,
                499.89,
                2,
                850.57,
                504.83,
                2,
                875.25,
                529.34,
                2,
                851.65,
                532.88,
                2,
                863.78,
                557.63,
                2,
                854.52,
                562.9,
                1
            ],
            "num_keypoints": 17,
            "polylines": []
        },
        {
            "id": 3994,
            "source_id": 97023667,
            "track_id": null,
            "image_id": 1082,
            "frame": 1082,
            "category_id": 50447,
            "category_name": "person",
            "segmentation": [],
            "area": 9677.96000000002,
            "iscrowd": 0,
            "bbox": [
                1087.6,
                432.2,
                62.600000000000136,
                154.59999999999997
            ],
            "isbbox": true,
            "attributes": {},
            "keypoints": [
                1101.6,
                452.14,
                2,
                1104.09,
                449.06,
                2,
                1101.26,
                448.64,
                1,
                1113.2,
                446.78,
                2,
                1109.22,
                446.36,
                1,
                1128.07,
                462.67,
                2,
                1100.23,
                461.57,
                2,
                1135.95,
                484.87,
                2,
                1094.66,
                486.63,
                2,
                1144.04,
                504.61,
                1,
                1090.89,
                507.17,
                2,
                1121.71,
                507.88,
                2,
                1100.82,
                506.96,
                2,
                1121.02,
                543.41,
                2,
                1105.62,
                546.07,
                2,
                1129.89,
                574.98,
                1,
                1110.31,
                571.42,
                1
            ],
            "num_keypoints": 17,
            "polylines": []
        }
    ]
}