{
    "licenses": [
        {
            "name": "",
            "id": 0,
            "url": ""
        }
    ],
    "info": {
        "contributor": "",
        "date_created": "",
        "description": "",
        "url": "",
        "version": "",
        "year": ""
    },
    "categories": [
        {
            "id": 49231,
            "name": "climb_over_railing",
            "supercategory": "",
            "keypoints": [
                "鼻子",
                "左眼",
                "右眼",
                "左耳",
                "右耳",
                "左肩膀",
                "右肩膀",
                "左肘",
                "右肘",
                "左手腕",
                "右手腕",
                "左腿跟",
                "右腿跟",
                "左膝盖",
                "右膝盖",
                "左脚腕",
                "右脚腕"
            ],
            "skeleton": [
                [
                    6,
                    12
                ],
                [
                    7,
                    13
                ],
                [
                    1,
                    6
                ],
                [
                    7,
                    1
                ],
                [
                    7,
                    6
                ],
                [
                    14,
                    16
                ],
                [
                    12,
                    14
                ],
                [
                    15,
                    17
                ],
                [
                    13,
                    15
                ],
                [
                    8,
                    10
                ],
                [
                    6,
                    8
                ],
                [
                    9,
                    11
                ],
                [
                    7,
                    9
                ],
                [
                    3,
                    5
                ],
                [
                    2,
                    4
                ],
                [
                    1,
                    2
                ],
                [
                    1,
                    3
                ]
            ]
        },
        {
            "id": 49249,
            "name": "jump_over_railing",
            "supercategory": "",
            "keypoints": [
                "鼻子",
                "左眼",
                "右眼",
                "左耳",
                "右耳",
                "左肩膀",
                "右肩膀",
                "左肘",
                "右肘",
                "左手腕",
                "右手腕",
                "左腿跟",
                "右腿跟",
                "左膝盖",
                "右膝盖",
                "左脚腕",
                "右脚腕"
            ],
            "skeleton": [
                [
                    6,
                    12
                ],
                [
                    7,
                    13
                ],
                [
                    1,
                    6
                ],
                [
                    7,
                    1
                ],
                [
                    7,
                    6
                ],
                [
                    14,
                    16
                ],
                [
                    12,
                    14
                ],
                [
                    15,
                    17
                ],
                [
                    13,
                    15
                ],
                [
                    8,
                    10
                ],
                [
                    6,
                    8
                ],
                [
                    9,
                    11
                ],
                [
                    7,
                    9
                ],
                [
                    3,
                    5
                ],
                [
                    2,
                    4
                ],
                [
                    1,
                    2
                ],
                [
                    1,
                    3
                ]
            ]
        },
        {
            "id": 49267,
            "name": "person",
            "supercategory": "",
            "keypoints": [
                "鼻子",
                "左眼",
                "右眼",
                "左耳",
                "右耳",
                "左肩膀",
                "右肩膀",
                "左肘",
                "右肘",
                "左手腕",
                "右手腕",
                "左腿跟",
                "右腿跟",
                "左膝盖",
                "右膝盖",
                "左脚腕",
                "右脚腕"
            ],
            "skeleton": [
                [
                    6,
                    12
                ],
                [
                    7,
                    13
                ],
                [
                    1,
                    6
                ],
                [
                    7,
                    1
                ],
                [
                    7,
                    6
                ],
                [
                    14,
                    16
                ],
                [
                    12,
                    14
                ],
                [
                    15,
                    17
                ],
                [
                    13,
                    15
                ],
                [
                    8,
                    10
                ],
                [
                    6,
                    8
                ],
                [
                    9,
                    11
                ],
                [
                    7,
                    9
                ],
                [
                    3,
                    5
                ],
                [
                    2,
                    4
                ],
                [
                    1,
                    2
                ],
                [
                    1,
                    3
                ]
            ]
        }
    ],
    "images": [
        {
            "id": 3399,
            "width": 3840,
            "height": 2160,
            "file_name": "street_2_000085.jpg",
            "path": "",
            "license": 0,
            "flickr_url": "",
            "coco_url": "",
            "date_captured": 0
        }
    ],
    "annotations": [
        {
            "id": 12575,
            "source_id": 95418591,
            "track_id": null,
            "image_id": 3399,
            "frame": 3399,
            "category_id": 49267,
            "category_name": "person",
            "segmentation": [],
            "area": 114526.53800000002,
            "iscrowd": 0,
            "bbox": [
                1957.7,
                709.2,
                213.43000000000006,
                536.5999999999999
            ],
            "isbbox": true,
            "attributes": {},
            "keypoints": [
                2113.32,
                778.27,
                1,
                2098.04,
                755.64,
                1,
                2109.9,
                762.81,
                1,
                2076.52,
                760.08,
                1,
                2091.36,
                772.88,
                2,
                2004.59,
                798.54,
                2,
                2086.08,
                807.88,
                2,
                1973.48,
                871.19,
                0,
                2113.35,
                889.36,
                2,
                1990.96,
                964.95,
                0,
                2112.24,
                983.19,
                1,
                1991.54,
                995.89,
                2,
                2074.96,
                984.32,
                2,
                2026.98,
                1092.05,
                2,
                2117.86,
                1063.34,
                2,
                1984.56,
                1207.25,
                2,
                2133.15,
                1209.03,
                2
            ],
            "num_keypoints": 17,
            "polylines": []
        },
        {
            "id": 12576,
            "source_id": 95418592,
            "track_id": null,
            "image_id": 3399,
            "frame": 3399,
            "category_id": 49267,
            "category_name": "person",
            "segmentation": [],
            "area": 133842.19,
            "iscrowd": 0,
            "bbox": [
                1097.6,
                572.37,
                233.0,
                574.43
            ],
            "isbbox": true,
            "attributes": {},
            "keypoints": [
                1249.57,
                639.14,
                1,
                1251.29,
                623.07,
                2,
                1231.26,
                625.57,
                2,
                1223.22,
                622.04,
                1,
                1199.51,
                629.87,
                2,
                1263.93,
                664.21,
                2,
                1158.44,
                666.75,
                2,
                1299.3,
                769.12,
                2,
                1122.73,
                772.76,
                2,
                1313.72,
                847.75,
                1,
                1123.84,
                857.87,
                1,
                1248.12,
                846.52,
                2,
                1165.54,
                859.1,
                2,
                1239.56,
                967.06,
                2,
                1180.33,
                981.03,
                2,
                1222.96,
                1077.99,
                2,
                1180.33,
                1064.35,
                2
            ],
            "num_keypoints": 17,
            "polylines": []
        },
        {
            "id": 12577,
            "source_id": 95419722,
            "track_id": null,
            "image_id": 3399,
            "frame": 3399,
            "category_id": 49231,
            "category_name": "climb_over_railing",
            "segmentation": [],
            "area": 172774.2,
            "iscrowd": 0,
            "bbox": [
                2127.7,
                848.9,
                302.0,
                572.1
            ],
            "isbbox": true,
            "attributes": {},
            "keypoints": [
                2331.4,
                939.43,
                1,
                2327.75,
                924.5,
                1,
                2346.84,
                934.28,
                1,
                2314.08,
                901.96,
                1,
                2336.04,
                915.19,
                2,
                2209.13,
                895.75,
                1,
                2294.49,
                898.63,
                2,
                2157.88,
                1009.18,
                0,
                2298.03,
                982.34,
                2,
                2161.2,
                1088.02,
                0,
                2313.59,
                1072.33,
                2,
                2140.66,
                1085.41,
                2,
                2218.23,
                1072.67,
                2,
                2181.63,
                1211.64,
                2,
                2307.29,
                1165.79,
                2,
                2190.48,
                1376.85,
                2,
                2340.93,
                1249.66,
                2
            ],
            "num_keypoints": 17,
            "polylines": []
        }
    ]
}