{
    "licenses": [
        {
            "name": "",
            "id": 0,
            "url": ""
        }
    ],
    "info": {
        "contributor": "",
        "date_created": "",
        "description": "",
        "url": "",
        "version": "",
        "year": ""
    },
    "categories": [
        {
            "id": 49998,
            "name": "climb_over_railing",
            "supercategory": "",
            "keypoints": [
                "鼻子",
                "左眼",
                "右眼",
                "左耳",
                "右耳",
                "左肩膀",
                "右肩膀",
                "左肘",
                "右肘",
                "左手腕",
                "右手腕",
                "左腿跟",
                "右腿跟",
                "左膝盖",
                "右膝盖",
                "左脚腕",
                "右脚腕"
            ],
            "skeleton": [
                [
                    6,
                    12
                ],
                [
                    7,
                    13
                ],
                [
                    1,
                    6
                ],
                [
                    7,
                    1
                ],
                [
                    7,
                    6
                ],
                [
                    14,
                    16
                ],
                [
                    12,
                    14
                ],
                [
                    15,
                    17
                ],
                [
                    13,
                    15
                ],
                [
                    8,
                    10
                ],
                [
                    6,
                    8
                ],
                [
                    9,
                    11
                ],
                [
                    7,
                    9
                ],
                [
                    3,
                    5
                ],
                [
                    2,
                    4
                ],
                [
                    1,
                    2
                ],
                [
                    1,
                    3
                ]
            ]
        },
        {
            "id": 50016,
            "name": "jump_over_railing",
            "supercategory": "",
            "keypoints": [
                "鼻子",
                "左眼",
                "右眼",
                "左耳",
                "右耳",
                "左肩膀",
                "右肩膀",
                "左肘",
                "右肘",
                "左手腕",
                "右手腕",
                "左腿跟",
                "右腿跟",
                "左膝盖",
                "右膝盖",
                "左脚腕",
                "右脚腕"
            ],
            "skeleton": [
                [
                    6,
                    12
                ],
                [
                    7,
                    13
                ],
                [
                    1,
                    6
                ],
                [
                    7,
                    1
                ],
                [
                    7,
                    6
                ],
                [
                    14,
                    16
                ],
                [
                    12,
                    14
                ],
                [
                    15,
                    17
                ],
                [
                    13,
                    15
                ],
                [
                    8,
                    10
                ],
                [
                    6,
                    8
                ],
                [
                    9,
                    11
                ],
                [
                    7,
                    9
                ],
                [
                    3,
                    5
                ],
                [
                    2,
                    4
                ],
                [
                    1,
                    2
                ],
                [
                    1,
                    3
                ]
            ]
        },
        {
            "id": 50034,
            "name": "person",
            "supercategory": "",
            "keypoints": [
                "鼻子",
                "左眼",
                "右眼",
                "左耳",
                "右耳",
                "左肩膀",
                "右肩膀",
                "左肘",
                "右肘",
                "左手腕",
                "右手腕",
                "左腿跟",
                "右腿跟",
                "左膝盖",
                "右膝盖",
                "左脚腕",
                "右脚腕"
            ],
            "skeleton": [
                [
                    6,
                    12
                ],
                [
                    7,
                    13
                ],
                [
                    1,
                    6
                ],
                [
                    7,
                    1
                ],
                [
                    7,
                    6
                ],
                [
                    14,
                    16
                ],
                [
                    12,
                    14
                ],
                [
                    15,
                    17
                ],
                [
                    13,
                    15
                ],
                [
                    8,
                    10
                ],
                [
                    6,
                    8
                ],
                [
                    9,
                    11
                ],
                [
                    7,
                    9
                ],
                [
                    3,
                    5
                ],
                [
                    2,
                    4
                ],
                [
                    1,
                    2
                ],
                [
                    1,
                    3
                ]
            ]
        }
    ],
    "images": [
        {
            "id": 2243,
            "width": 1920,
            "height": 1080,
            "file_name": "street_1_040335.jpg",
            "path": "",
            "license": 0,
            "flickr_url": "",
            "coco_url": "",
            "date_captured": 0
        }
    ],
    "annotations": [
        {
            "id": 8756,
            "source_id": 96425807,
            "track_id": null,
            "image_id": 2243,
            "frame": 2243,
            "category_id": 50034,
            "category_name": "person",
            "segmentation": [],
            "area": 17410.355999999996,
            "iscrowd": 0,
            "bbox": [
                126.4,
                372.03,
                82.79999999999998,
                210.26999999999998
            ],
            "isbbox": true,
            "attributes": {},
            "keypoints": [
                177.17,
                390.81,
                1,
                171.27,
                387.07,
                1,
                173.49,
                387.55,
                1,
                161.04,
                389.22,
                1,
                162.68,
                390.62,
                1,
                146.13,
                416.99,
                2,
                176.43,
                412.12,
                2,
                138.99,
                448.85,
                2,
                192.52,
                443.67,
                2,
                135.91,
                478.95,
                2,
                196.31,
                419.76,
                2,
                156.73,
                475.92,
                2,
                173.03,
                473.71,
                2,
                178.74,
                518.32,
                2,
                198.08,
                517.11,
                2,
                178.03,
                566.92,
                2,
                165.34,
                550.72,
                2
            ],
            "num_keypoints": 17,
            "polylines": []
        },
        {
            "id": 8757,
            "source_id": 96426243,
            "track_id": null,
            "image_id": 2243,
            "frame": 2243,
            "category_id": 50034,
            "category_name": "person",
            "segmentation": [],
            "area": 19193.79299999999,
            "iscrowd": 0,
            "bbox": [
                191.3,
                371.41,
                88.69999999999999,
                216.38999999999993
            ],
            "isbbox": true,
            "attributes": {},
            "keypoints": [
                237.18,
                394.26,
                1,
                233.46,
                389.34,
                1,
                236.77,
                390.61,
                1,
                223.49,
                390.37,
                1,
                226.09,
                392.09,
                1,
                202.45,
                418.25,
                2,
                232.55,
                416.96,
                2,
                201.16,
                453.94,
                1,
                244.34,
                451.91,
                2,
                202.32,
                482.92,
                2,
                269.22,
                478.32,
                2,
                208.35,
                476.96,
                2,
                230.76,
                476.05,
                2,
                246.5,
                516.19,
                2,
                229.31,
                525.19,
                2,
                245.05,
                562.18,
                2,
                216.25,
                572.59,
                2
            ],
            "num_keypoints": 17,
            "polylines": []
        },
        {
            "id": 8758,
            "source_id": 96426726,
            "track_id": null,
            "image_id": 2243,
            "frame": 2243,
            "category_id": 50034,
            "category_name": "person",
            "segmentation": [],
            "area": 47093.679,
            "iscrowd": 0,
            "bbox": [
                783.15,
                351.36,
                135.35000000000002,
                347.93999999999994
            ],
            "isbbox": true,
            "attributes": {},
            "keypoints": [
                858.42,
                389.63,
                2,
                858.93,
                382.8,
                2,
                851.26,
                385.2,
                2,
                844.78,
                381.46,
                1,
                832.0,
                388.47,
                2,
                851.77,
                416.12,
                2,
                812.88,
                427.48,
                2,
                868.23,
                470.43,
                2,
                812.28,
                485.05,
                2,
                896.07,
                491.58,
                2,
                833.83,
                525.66,
                2,
                858.48,
                521.55,
                2,
                821.93,
                527.15,
                2,
                869.23,
                595.9,
                2,
                834.39,
                606.12,
                2,
                854.78,
                653.06,
                2,
                825.88,
                664.42,
                2
            ],
            "num_keypoints": 17,
            "polylines": []
        },
        {
            "id": 8759,
            "source_id": 96427069,
            "track_id": null,
            "image_id": 2243,
            "frame": 2243,
            "category_id": 50034,
            "category_name": "person",
            "segmentation": [],
            "area": 66702.90000000002,
            "iscrowd": 0,
            "bbox": [
                1338.8,
                371.3,
                191.4000000000001,
                348.49999999999994
            ],
            "isbbox": true,
            "attributes": {},
            "keypoints": [
                1430.62,
                420.51,
                1,
                1440.48,
                410.18,
                2,
                1424.99,
                409.09,
                2,
                1453.86,
                406.87,
                2,
                1421.45,
                403.68,
                1,
                1477.72,
                433.3,
                2,
                1407.96,
                435.53,
                2,
                1469.81,
                492.4,
                2,
                1389.65,
                485.14,
                2,
                1426.07,
                509.69,
                2,
                1364.28,
                519.57,
                2,
                1466.21,
                525.35,
                2,
                1417.65,
                526.02,
                2,
                1477.89,
                615.7,
                2,
                1408.78,
                617.5,
                2,
                1492.06,
                690.96,
                2,
                1409.14,
                681.5,
                2
            ],
            "num_keypoints": 17,
            "polylines": []
        },
        {
            "id": 8760,
            "source_id": 96427504,
            "track_id": null,
            "image_id": 2243,
            "frame": 2243,
            "category_id": 50034,
            "category_name": "person",
            "segmentation": [],
            "area": 39128.829999999965,
            "iscrowd": 0,
            "bbox": [
                1087.7,
                365.1,
                139.0999999999999,
                281.29999999999995
            ],
            "isbbox": true,
            "attributes": {},
            "keypoints": [
                1198.73,
                413.86,
                0,
                1204.06,
                408.06,
                0,
                1195.43,
                408.22,
                0,
                1213.67,
                398.06,
                1,
                1185.14,
                394.98,
                1,
                1198.61,
                401.98,
                1,
                1154.16,
                408.94,
                2,
                1163.8,
                439.93,
                0,
                1165.11,
                464.36,
                2,
                1157.41,
                453.65,
                0,
                1171.09,
                505.2,
                2,
                1156.48,
                481.15,
                2,
                1115.07,
                478.14,
                2,
                1166.44,
                542.84,
                2,
                1115.82,
                548.1,
                2,
                1165.02,
                607.12,
                2,
                1111.21,
                607.41,
                2
            ],
            "num_keypoints": 17,
            "polylines": []
        },
        {
            "id": 8761,
            "source_id": 96428394,
            "track_id": null,
            "image_id": 2243,
            "frame": 2243,
            "category_id": 50034,
            "category_name": "person",
            "segmentation": [],
            "area": 67064.86800000006,
            "iscrowd": 0,
            "bbox": [
                1133.3,
                393.3,
                167.83000000000015,
                399.59999999999997
            ],
            "isbbox": true,
            "attributes": {},
            "keypoints": [
                1185.89,
                441.41,
                1,
                1181.75,
                436.49,
                1,
                1188.3,
                432.96,
                1,
                1190.6,
                436.6,
                2,
                1199.45,
                433.76,
                1,
                1207.73,
                470.84,
                2,
                1241.64,
                461.5,
                2,
                1216.34,
                529.15,
                2,
                1275.0,
                498.33,
                2,
                1213.73,
                547.67,
                2,
                1251.63,
                525.76,
                1,
                1216.83,
                583.89,
                2,
                1246.6,
                577.45,
                2,
                1197.74,
                677.75,
                2,
                1257.96,
                676.11,
                2,
                1186.01,
                760.03,
                2,
                1275.82,
                751.71,
                2
            ],
            "num_keypoints": 17,
            "polylines": []
        }
    ]
}