{
    "licenses": [
        {
            "name": "",
            "id": 0,
            "url": ""
        }
    ],
    "info": {
        "contributor": "",
        "date_created": "",
        "description": "",
        "url": "",
        "version": "",
        "year": ""
    },
    "categories": [
        {
            "id": 49231,
            "name": "climb_over_railing",
            "supercategory": "",
            "keypoints": [
                "鼻子",
                "左眼",
                "右眼",
                "左耳",
                "右耳",
                "左肩膀",
                "右肩膀",
                "左肘",
                "右肘",
                "左手腕",
                "右手腕",
                "左腿跟",
                "右腿跟",
                "左膝盖",
                "右膝盖",
                "左脚腕",
                "右脚腕"
            ],
            "skeleton": [
                [
                    6,
                    12
                ],
                [
                    7,
                    13
                ],
                [
                    1,
                    6
                ],
                [
                    7,
                    1
                ],
                [
                    7,
                    6
                ],
                [
                    14,
                    16
                ],
                [
                    12,
                    14
                ],
                [
                    15,
                    17
                ],
                [
                    13,
                    15
                ],
                [
                    8,
                    10
                ],
                [
                    6,
                    8
                ],
                [
                    9,
                    11
                ],
                [
                    7,
                    9
                ],
                [
                    3,
                    5
                ],
                [
                    2,
                    4
                ],
                [
                    1,
                    2
                ],
                [
                    1,
                    3
                ]
            ]
        },
        {
            "id": 49249,
            "name": "jump_over_railing",
            "supercategory": "",
            "keypoints": [
                "鼻子",
                "左眼",
                "右眼",
                "左耳",
                "右耳",
                "左肩膀",
                "右肩膀",
                "左肘",
                "右肘",
                "左手腕",
                "右手腕",
                "左腿跟",
                "右腿跟",
                "左膝盖",
                "右膝盖",
                "左脚腕",
                "右脚腕"
            ],
            "skeleton": [
                [
                    6,
                    12
                ],
                [
                    7,
                    13
                ],
                [
                    1,
                    6
                ],
                [
                    7,
                    1
                ],
                [
                    7,
                    6
                ],
                [
                    14,
                    16
                ],
                [
                    12,
                    14
                ],
                [
                    15,
                    17
                ],
                [
                    13,
                    15
                ],
                [
                    8,
                    10
                ],
                [
                    6,
                    8
                ],
                [
                    9,
                    11
                ],
                [
                    7,
                    9
                ],
                [
                    3,
                    5
                ],
                [
                    2,
                    4
                ],
                [
                    1,
                    2
                ],
                [
                    1,
                    3
                ]
            ]
        },
        {
            "id": 49267,
            "name": "person",
            "supercategory": "",
            "keypoints": [
                "鼻子",
                "左眼",
                "右眼",
                "左耳",
                "右耳",
                "左肩膀",
                "右肩膀",
                "左肘",
                "右肘",
                "左手腕",
                "右手腕",
                "左腿跟",
                "右腿跟",
                "左膝盖",
                "右膝盖",
                "左脚腕",
                "右脚腕"
            ],
            "skeleton": [
                [
                    6,
                    12
                ],
                [
                    7,
                    13
                ],
                [
                    1,
                    6
                ],
                [
                    7,
                    1
                ],
                [
                    7,
                    6
                ],
                [
                    14,
                    16
                ],
                [
                    12,
                    14
                ],
                [
                    15,
                    17
                ],
                [
                    13,
                    15
                ],
                [
                    8,
                    10
                ],
                [
                    6,
                    8
                ],
                [
                    9,
                    11
                ],
                [
                    7,
                    9
                ],
                [
                    3,
                    5
                ],
                [
                    2,
                    4
                ],
                [
                    1,
                    2
                ],
                [
                    1,
                    3
                ]
            ]
        }
    ],
    "images": [
        {
            "id": 2872,
            "width": 1920,
            "height": 1080,
            "file_name": "street_1_051657.jpg",
            "path": "",
            "license": 0,
            "flickr_url": "",
            "coco_url": "",
            "date_captured": 0
        }
    ],
    "annotations": [
        {
            "id": 10496,
            "source_id": 95111687,
            "track_id": null,
            "image_id": 2872,
            "frame": 2872,
            "category_id": 49267,
            "category_name": "person",
            "segmentation": [],
            "area": 48050.67000000001,
            "iscrowd": 0,
            "bbox": [
                987.8,
                129.3,
                132.70000000000005,
                362.09999999999997
            ],
            "isbbox": true,
            "attributes": {},
            "keypoints": [
                1044.79,
                171.76,
                2,
                1051.89,
                166.01,
                2,
                1045.69,
                163.89,
                1,
                1072.18,
                173.91,
                2,
                1065.16,
                172.46,
                1,
                1100.43,
                223.44,
                2,
                1055.83,
                201.07,
                2,
                1086.95,
                292.98,
                2,
                1048.09,
                262.5,
                1,
                1068.72,
                338.43,
                2,
                1023.55,
                302.24,
                2,
                1083.97,
                329.12,
                2,
                1050.86,
                320.3,
                2,
                1075.85,
                394.27,
                2,
                1023.08,
                393.67,
                2,
                1092.19,
                469.37,
                2,
                1030.39,
                460.74,
                2
            ],
            "num_keypoints": 17,
            "polylines": []
        },
        {
            "id": 10497,
            "source_id": 95112191,
            "track_id": null,
            "image_id": 2872,
            "frame": 2872,
            "category_id": 49267,
            "category_name": "person",
            "segmentation": [],
            "area": 25763.85699999998,
            "iscrowd": 0,
            "bbox": [
                698.2,
                83.91,
                83.29999999999995,
                309.28999999999996
            ],
            "isbbox": true,
            "attributes": {},
            "keypoints": [
                763.88,
                121.22,
                1,
                762.86,
                112.66,
                2,
                754.75,
                113.05,
                2,
                744.73,
                112.44,
                1,
                735.03,
                114.13,
                2,
                762.8,
                137.07,
                2,
                720.25,
                162.85,
                2,
                761.36,
                196.9,
                0,
                713.58,
                214.19,
                2,
                770.45,
                226.26,
                0,
                723.67,
                260.96,
                2,
                764.14,
                242.79,
                2,
                743.15,
                245.96,
                2,
                770.72,
                302.57,
                2,
                746.52,
                307.81,
                2,
                730.23,
                331.92,
                2,
                744.72,
                373.83,
                2
            ],
            "num_keypoints": 17,
            "polylines": []
        },
        {
            "id": 10498,
            "source_id": 95112913,
            "track_id": null,
            "image_id": 2872,
            "frame": 2872,
            "category_id": 49267,
            "category_name": "person",
            "segmentation": [],
            "area": 12111.241000000005,
            "iscrowd": 0,
            "bbox": [
                684.5,
                2.48,
                84.10000000000002,
                144.01000000000002
            ],
            "isbbox": true,
            "attributes": {},
            "keypoints": [
                720.17,
                21.07,
                1,
                725.72,
                15.46,
                2,
                715.62,
                15.68,
                2,
                738.99,
                16.57,
                1,
                713.29,
                18.07,
                1,
                758.97,
                44.47,
                2,
                709.68,
                39.73,
                2,
                752.41,
                83.93,
                2,
                687.93,
                79.71,
                2,
                739.15,
                119.1,
                0,
                705.33,
                104.89,
                1,
                746.23,
                132.65,
                1,
                723.99,
                130.43,
                2,
                746.69,
                138.52,
                0,
                723.07,
                138.01,
                0,
                746.69,
                144.66,
                0,
                722.73,
                143.92,
                0
            ],
            "num_keypoints": 17,
            "polylines": []
        },
        {
            "id": 10499,
            "source_id": 95406118,
            "track_id": null,
            "image_id": 2872,
            "frame": 2872,
            "category_id": 49267,
            "category_name": "person",
            "segmentation": [],
            "area": 30464.68000000001,
            "iscrowd": 0,
            "bbox": [
                816.4,
                24.1,
                120.70000000000005,
                252.4
            ],
            "isbbox": true,
            "attributes": {},
            "keypoints": [
                884.35,
                66.97,
                2,
                888.17,
                60.95,
                2,
                877.41,
                62.34,
                2,
                898.19,
                54.63,
                2,
                869.33,
                59.09,
                2,
                910.02,
                79.9,
                2,
                866.38,
                75.83,
                2,
                908.38,
                130.18,
                2,
                879.82,
                121.09,
                2,
                908.56,
                168.65,
                1,
                880.63,
                159.61,
                2,
                898.62,
                145.66,
                2,
                883.44,
                129.8,
                1,
                900.71,
                189.66,
                2,
                837.99,
                157.8,
                2,
                884.16,
                247.82,
                2,
                852.44,
                207.78,
                2
            ],
            "num_keypoints": 17,
            "polylines": []
        }
    ]
}