{
    "licenses": [
        {
            "name": "",
            "id": 0,
            "url": ""
        }
    ],
    "info": {
        "contributor": "",
        "date_created": "",
        "description": "",
        "url": "",
        "version": "",
        "year": ""
    },
    "categories": [
        {
            "id": 50411,
            "name": "climb_over_railing",
            "supercategory": "",
            "keypoints": [
                "鼻子",
                "左眼",
                "右眼",
                "左耳",
                "右耳",
                "左肩膀",
                "右肩膀",
                "左肘",
                "右肘",
                "左手腕",
                "右手腕",
                "左腿跟",
                "右腿跟",
                "左膝盖",
                "右膝盖",
                "左脚腕",
                "右脚腕"
            ],
            "skeleton": [
                [
                    6,
                    12
                ],
                [
                    7,
                    13
                ],
                [
                    1,
                    6
                ],
                [
                    7,
                    1
                ],
                [
                    7,
                    6
                ],
                [
                    14,
                    16
                ],
                [
                    12,
                    14
                ],
                [
                    15,
                    17
                ],
                [
                    13,
                    15
                ],
                [
                    8,
                    10
                ],
                [
                    6,
                    8
                ],
                [
                    9,
                    11
                ],
                [
                    7,
                    9
                ],
                [
                    3,
                    5
                ],
                [
                    2,
                    4
                ],
                [
                    1,
                    2
                ],
                [
                    1,
                    3
                ]
            ]
        },
        {
            "id": 50429,
            "name": "jump_over_railing",
            "supercategory": "",
            "keypoints": [
                "鼻子",
                "左眼",
                "右眼",
                "左耳",
                "右耳",
                "左肩膀",
                "右肩膀",
                "左肘",
                "右肘",
                "左手腕",
                "右手腕",
                "左腿跟",
                "右腿跟",
                "左膝盖",
                "右膝盖",
                "左脚腕",
                "右脚腕"
            ],
            "skeleton": [
                [
                    6,
                    12
                ],
                [
                    7,
                    13
                ],
                [
                    1,
                    6
                ],
                [
                    7,
                    1
                ],
                [
                    7,
                    6
                ],
                [
                    14,
                    16
                ],
                [
                    12,
                    14
                ],
                [
                    15,
                    17
                ],
                [
                    13,
                    15
                ],
                [
                    8,
                    10
                ],
                [
                    6,
                    8
                ],
                [
                    9,
                    11
                ],
                [
                    7,
                    9
                ],
                [
                    3,
                    5
                ],
                [
                    2,
                    4
                ],
                [
                    1,
                    2
                ],
                [
                    1,
                    3
                ]
            ]
        },
        {
            "id": 50447,
            "name": "person",
            "supercategory": "",
            "keypoints": [
                "鼻子",
                "左眼",
                "右眼",
                "左耳",
                "右耳",
                "左肩膀",
                "右肩膀",
                "左肘",
                "右肘",
                "左手腕",
                "右手腕",
                "左腿跟",
                "右腿跟",
                "左膝盖",
                "右膝盖",
                "左脚腕",
                "右脚腕"
            ],
            "skeleton": [
                [
                    6,
                    12
                ],
                [
                    7,
                    13
                ],
                [
                    1,
                    6
                ],
                [
                    7,
                    1
                ],
                [
                    7,
                    6
                ],
                [
                    14,
                    16
                ],
                [
                    12,
                    14
                ],
                [
                    15,
                    17
                ],
                [
                    13,
                    15
                ],
                [
                    8,
                    10
                ],
                [
                    6,
                    8
                ],
                [
                    9,
                    11
                ],
                [
                    7,
                    9
                ],
                [
                    3,
                    5
                ],
                [
                    2,
                    4
                ],
                [
                    1,
                    2
                ],
                [
                    1,
                    3
                ]
            ]
        }
    ],
    "images": [
        {
            "id": 110,
            "width": 1920,
            "height": 1080,
            "file_name": "street_127_000184.jpg",
            "path": "",
            "license": 0,
            "flickr_url": "",
            "coco_url": "",
            "date_captured": 0
        }
    ],
    "annotations": [
        {
            "id": 354,
            "source_id": 96658311,
            "track_id": null,
            "image_id": 110,
            "frame": 110,
            "category_id": 50411,
            "category_name": "climb_over_railing",
            "segmentation": [],
            "area": 20577.920000000024,
            "iscrowd": 0,
            "bbox": [
                1452.6,
                513.4,
                118.40000000000009,
                173.80000000000007
            ],
            "isbbox": true,
            "attributes": {},
            "keypoints": [
                1472.73,
                533.47,
                1,
                1470.42,
                529.25,
                1,
                1476.59,
                529.38,
                1,
                1468.77,
                530.81,
                2,
                1484.86,
                532.09,
                1,
                1467.37,
                556.43,
                2,
                1494.15,
                542.72,
                2,
                1463.8,
                583.69,
                2,
                1501.9,
                576.39,
                0,
                1460.79,
                598.12,
                2,
                1496.41,
                594.52,
                1,
                1512.63,
                593.64,
                2,
                1525.4,
                582.11,
                2,
                1503.41,
                642.7,
                2,
                1519.55,
                594.08,
                0,
                1508.7,
                672.7,
                2,
                1544.4,
                594.56,
                2
            ],
            "num_keypoints": 17,
            "polylines": []
        },
        {
            "id": 355,
            "source_id": 96659507,
            "track_id": null,
            "image_id": 110,
            "frame": 110,
            "category_id": 50447,
            "category_name": "person",
            "segmentation": [],
            "area": 16642.147999999983,
            "iscrowd": 0,
            "bbox": [
                1152.66,
                504.2,
                91.33999999999992,
                182.2
            ],
            "isbbox": true,
            "attributes": {},
            "keypoints": [
                1216.45,
                525.84,
                2,
                1218.26,
                522.4,
                2,
                1214.95,
                521.94,
                2,
                1209.85,
                519.43,
                1,
                1201.6,
                519.43,
                2,
                1203.35,
                538.35,
                1,
                1193.74,
                535.25,
                2,
                1210.42,
                566.71,
                2,
                1195.71,
                567.33,
                2,
                1225.48,
                588.83,
                2,
                1201.61,
                593.23,
                2,
                1178.24,
                587.08,
                1,
                1170.08,
                587.17,
                2,
                1185.31,
                627.33,
                0,
                1179.98,
                630.69,
                2,
                1183.86,
                666.16,
                1,
                1177.96,
                668.87,
                2
            ],
            "num_keypoints": 17,
            "polylines": []
        },
        {
            "id": 356,
            "source_id": 96659508,
            "track_id": null,
            "image_id": 110,
            "frame": 110,
            "category_id": 50447,
            "category_name": "person",
            "segmentation": [],
            "area": 14911.080000000007,
            "iscrowd": 0,
            "bbox": [
                1288.5,
                512.7,
                82.20000000000005,
                181.39999999999998
            ],
            "isbbox": true,
            "attributes": {},
            "keypoints": [
                1296.05,
                536.71,
                2,
                1298.81,
                532.82,
                2,
                1295.48,
                532.53,
                1,
                1309.97,
                532.15,
                2,
                1305.62,
                530.45,
                1,
                1315.64,
                553.07,
                2,
                1322.87,
                541.59,
                1,
                1318.59,
                576.61,
                2,
                1329.64,
                569.85,
                0,
                1321.81,
                596.6,
                2,
                1333.41,
                596.34,
                0,
                1349.64,
                596.83,
                2,
                1355.9,
                595.82,
                1,
                1346.0,
                636.57,
                2,
                1341.9,
                637.28,
                0,
                1359.98,
                679.46,
                2,
                1347.07,
                675.43,
                1
            ],
            "num_keypoints": 17,
            "polylines": []
        }
    ]
}