{
    "licenses": [
        {
            "name": "",
            "id": 0,
            "url": ""
        }
    ],
    "info": {
        "contributor": "",
        "date_created": "",
        "description": "",
        "url": "",
        "version": "",
        "year": ""
    },
    "categories": [
        {
            "id": 49231,
            "name": "climb_over_railing",
            "supercategory": "",
            "keypoints": [
                "鼻子",
                "左眼",
                "右眼",
                "左耳",
                "右耳",
                "左肩膀",
                "右肩膀",
                "左肘",
                "右肘",
                "左手腕",
                "右手腕",
                "左腿跟",
                "右腿跟",
                "左膝盖",
                "右膝盖",
                "左脚腕",
                "右脚腕"
            ],
            "skeleton": [
                [
                    6,
                    12
                ],
                [
                    7,
                    13
                ],
                [
                    1,
                    6
                ],
                [
                    7,
                    1
                ],
                [
                    7,
                    6
                ],
                [
                    14,
                    16
                ],
                [
                    12,
                    14
                ],
                [
                    15,
                    17
                ],
                [
                    13,
                    15
                ],
                [
                    8,
                    10
                ],
                [
                    6,
                    8
                ],
                [
                    9,
                    11
                ],
                [
                    7,
                    9
                ],
                [
                    3,
                    5
                ],
                [
                    2,
                    4
                ],
                [
                    1,
                    2
                ],
                [
                    1,
                    3
                ]
            ]
        },
        {
            "id": 49249,
            "name": "jump_over_railing",
            "supercategory": "",
            "keypoints": [
                "鼻子",
                "左眼",
                "右眼",
                "左耳",
                "右耳",
                "左肩膀",
                "右肩膀",
                "左肘",
                "右肘",
                "左手腕",
                "右手腕",
                "左腿跟",
                "右腿跟",
                "左膝盖",
                "右膝盖",
                "左脚腕",
                "右脚腕"
            ],
            "skeleton": [
                [
                    6,
                    12
                ],
                [
                    7,
                    13
                ],
                [
                    1,
                    6
                ],
                [
                    7,
                    1
                ],
                [
                    7,
                    6
                ],
                [
                    14,
                    16
                ],
                [
                    12,
                    14
                ],
                [
                    15,
                    17
                ],
                [
                    13,
                    15
                ],
                [
                    8,
                    10
                ],
                [
                    6,
                    8
                ],
                [
                    9,
                    11
                ],
                [
                    7,
                    9
                ],
                [
                    3,
                    5
                ],
                [
                    2,
                    4
                ],
                [
                    1,
                    2
                ],
                [
                    1,
                    3
                ]
            ]
        },
        {
            "id": 49267,
            "name": "person",
            "supercategory": "",
            "keypoints": [
                "鼻子",
                "左眼",
                "右眼",
                "左耳",
                "右耳",
                "左肩膀",
                "右肩膀",
                "左肘",
                "右肘",
                "左手腕",
                "右手腕",
                "左腿跟",
                "右腿跟",
                "左膝盖",
                "右膝盖",
                "左脚腕",
                "右脚腕"
            ],
            "skeleton": [
                [
                    6,
                    12
                ],
                [
                    7,
                    13
                ],
                [
                    1,
                    6
                ],
                [
                    7,
                    1
                ],
                [
                    7,
                    6
                ],
                [
                    14,
                    16
                ],
                [
                    12,
                    14
                ],
                [
                    15,
                    17
                ],
                [
                    13,
                    15
                ],
                [
                    8,
                    10
                ],
                [
                    6,
                    8
                ],
                [
                    9,
                    11
                ],
                [
                    7,
                    9
                ],
                [
                    3,
                    5
                ],
                [
                    2,
                    4
                ],
                [
                    1,
                    2
                ],
                [
                    1,
                    3
                ]
            ]
        }
    ],
    "images": [
        {
            "id": 1581,
            "width": 1920,
            "height": 1080,
            "file_name": "street_114_000237.jpg",
            "path": "",
            "license": 0,
            "flickr_url": "",
            "coco_url": "",
            "date_captured": 0
        }
    ],
    "annotations": [
        {
            "id": 5782,
            "source_id": 94665916,
            "track_id": null,
            "image_id": 1581,
            "frame": 1581,
            "category_id": 49267,
            "category_name": "person",
            "segmentation": [],
            "area": 30380.640000000036,
            "iscrowd": 0,
            "bbox": [
                1081.3,
                324.7,
                133.60000000000014,
                227.40000000000003
            ],
            "isbbox": true,
            "attributes": {},
            "keypoints": [
                1134.55,
                361.98,
                1,
                1136.06,
                355.88,
                2,
                1131.71,
                357.16,
                1,
                1150.53,
                347.73,
                2,
                1143.03,
                348.16,
                1,
                1180.34,
                358.93,
                2,
                1133.95,
                366.01,
                2,
                1196.0,
                391.45,
                2,
                1119.57,
                403.86,
                2,
                1201.22,
                422.99,
                2,
                1100.38,
                430.6,
                2,
                1184.64,
                432.69,
                2,
                1157.88,
                435.48,
                2,
                1193.65,
                477.44,
                2,
                1154.75,
                486.79,
                2,
                1194.19,
                524.16,
                2,
                1154.21,
                527.41,
                2
            ],
            "num_keypoints": 17,
            "polylines": []
        },
        {
            "id": 5783,
            "source_id": 94665988,
            "track_id": null,
            "image_id": 1581,
            "frame": 1581,
            "category_id": 49267,
            "category_name": "person",
            "segmentation": [],
            "area": 56613.27000000002,
            "iscrowd": 0,
            "bbox": [
                807.8,
                423.9,
                149.10000000000002,
                379.70000000000005
            ],
            "isbbox": true,
            "attributes": {},
            "keypoints": [
                869.11,
                467.72,
                0,
                860.94,
                457.48,
                0,
                877.52,
                455.77,
                0,
                853.37,
                464.09,
                0,
                885.17,
                463.26,
                0,
                831.81,
                508.09,
                2,
                903.95,
                499.02,
                2,
                821.78,
                566.48,
                2,
                922.23,
                554.79,
                2,
                817.8,
                581.34,
                2,
                944.76,
                603.06,
                2,
                863.16,
                619.59,
                2,
                912.99,
                613.9,
                2,
                865.89,
                695.39,
                2,
                915.96,
                689.22,
                2,
                857.92,
                770.07,
                2,
                915.87,
                750.95,
                2
            ],
            "num_keypoints": 17,
            "polylines": []
        },
        {
            "id": 5784,
            "source_id": 94801598,
            "track_id": null,
            "image_id": 1581,
            "frame": 1581,
            "category_id": 49231,
            "category_name": "climb_over_railing",
            "segmentation": [],
            "area": 38335.747999999985,
            "iscrowd": 0,
            "bbox": [
                898.6,
                294.6,
                164.39,
                233.19999999999993
            ],
            "isbbox": true,
            "attributes": {},
            "keypoints": [
                919.41,
                330.99,
                2,
                917.81,
                325.47,
                1,
                916.16,
                323.4,
                1,
                930.07,
                317.81,
                2,
                929.17,
                313.33,
                1,
                954.1,
                327.54,
                2,
                930.64,
                338.79,
                2,
                960.23,
                369.78,
                2,
                931.84,
                372.83,
                2,
                959.2,
                406.02,
                2,
                914.94,
                402.38,
                2,
                1004.69,
                386.61,
                2,
                980.01,
                404.9,
                1,
                984.52,
                438.68,
                2,
                987.35,
                454.28,
                2,
                1045.14,
                435.56,
                2,
                1001.97,
                507.45,
                2
            ],
            "num_keypoints": 17,
            "polylines": []
        }
    ]
}