{
    "licenses": [
        {
            "name": "",
            "id": 0,
            "url": ""
        }
    ],
    "info": {
        "contributor": "",
        "date_created": "",
        "description": "",
        "url": "",
        "version": "",
        "year": ""
    },
    "categories": [
        {
            "id": 49231,
            "name": "climb_over_railing",
            "supercategory": "",
            "keypoints": [
                "鼻子",
                "左眼",
                "右眼",
                "左耳",
                "右耳",
                "左肩膀",
                "右肩膀",
                "左肘",
                "右肘",
                "左手腕",
                "右手腕",
                "左腿跟",
                "右腿跟",
                "左膝盖",
                "右膝盖",
                "左脚腕",
                "右脚腕"
            ],
            "skeleton": [
                [
                    6,
                    12
                ],
                [
                    7,
                    13
                ],
                [
                    1,
                    6
                ],
                [
                    7,
                    1
                ],
                [
                    7,
                    6
                ],
                [
                    14,
                    16
                ],
                [
                    12,
                    14
                ],
                [
                    15,
                    17
                ],
                [
                    13,
                    15
                ],
                [
                    8,
                    10
                ],
                [
                    6,
                    8
                ],
                [
                    9,
                    11
                ],
                [
                    7,
                    9
                ],
                [
                    3,
                    5
                ],
                [
                    2,
                    4
                ],
                [
                    1,
                    2
                ],
                [
                    1,
                    3
                ]
            ]
        },
        {
            "id": 49249,
            "name": "jump_over_railing",
            "supercategory": "",
            "keypoints": [
                "鼻子",
                "左眼",
                "右眼",
                "左耳",
                "右耳",
                "左肩膀",
                "右肩膀",
                "左肘",
                "右肘",
                "左手腕",
                "右手腕",
                "左腿跟",
                "右腿跟",
                "左膝盖",
                "右膝盖",
                "左脚腕",
                "右脚腕"
            ],
            "skeleton": [
                [
                    6,
                    12
                ],
                [
                    7,
                    13
                ],
                [
                    1,
                    6
                ],
                [
                    7,
                    1
                ],
                [
                    7,
                    6
                ],
                [
                    14,
                    16
                ],
                [
                    12,
                    14
                ],
                [
                    15,
                    17
                ],
                [
                    13,
                    15
                ],
                [
                    8,
                    10
                ],
                [
                    6,
                    8
                ],
                [
                    9,
                    11
                ],
                [
                    7,
                    9
                ],
                [
                    3,
                    5
                ],
                [
                    2,
                    4
                ],
                [
                    1,
                    2
                ],
                [
                    1,
                    3
                ]
            ]
        },
        {
            "id": 49267,
            "name": "person",
            "supercategory": "",
            "keypoints": [
                "鼻子",
                "左眼",
                "右眼",
                "左耳",
                "右耳",
                "左肩膀",
                "右肩膀",
                "左肘",
                "右肘",
                "左手腕",
                "右手腕",
                "左腿跟",
                "右腿跟",
                "左膝盖",
                "右膝盖",
                "左脚腕",
                "右脚腕"
            ],
            "skeleton": [
                [
                    6,
                    12
                ],
                [
                    7,
                    13
                ],
                [
                    1,
                    6
                ],
                [
                    7,
                    1
                ],
                [
                    7,
                    6
                ],
                [
                    14,
                    16
                ],
                [
                    12,
                    14
                ],
                [
                    15,
                    17
                ],
                [
                    13,
                    15
                ],
                [
                    8,
                    10
                ],
                [
                    6,
                    8
                ],
                [
                    9,
                    11
                ],
                [
                    7,
                    9
                ],
                [
                    3,
                    5
                ],
                [
                    2,
                    4
                ],
                [
                    1,
                    2
                ],
                [
                    1,
                    3
                ]
            ]
        }
    ],
    "images": [
        {
            "id": 3387,
            "width": 3840,
            "height": 2160,
            "file_name": "street_2_000045.jpg",
            "path": "",
            "license": 0,
            "flickr_url": "",
            "coco_url": "",
            "date_captured": 0
        }
    ],
    "annotations": [
        {
            "id": 12539,
            "source_id": 95436772,
            "track_id": null,
            "image_id": 3387,
            "frame": 3387,
            "category_id": 49267,
            "category_name": "person",
            "segmentation": [],
            "area": 137930.30000000005,
            "iscrowd": 0,
            "bbox": [
                1661.1,
                555.8,
                273.4000000000001,
                504.5
            ],
            "isbbox": true,
            "attributes": {},
            "keypoints": [
                1790.07,
                624.65,
                1,
                1788.64,
                606.07,
                1,
                1787.25,
                611.38,
                1,
                1770.07,
                601.39,
                1,
                1765.88,
                606.0,
                2,
                1705.61,
                623.47,
                1,
                1730.96,
                668.58,
                2,
                1696.0,
                697.58,
                0,
                1708.58,
                752.56,
                2,
                1699.77,
                743.98,
                0,
                1713.67,
                839.87,
                1,
                1762.27,
                805.96,
                1,
                1738.99,
                815.85,
                2,
                1818.89,
                857.07,
                2,
                1733.71,
                911.86,
                2,
                1867.1,
                948.94,
                2,
                1730.46,
                1019.78,
                2
            ],
            "num_keypoints": 17,
            "polylines": []
        },
        {
            "id": 12540,
            "source_id": 95437226,
            "track_id": null,
            "image_id": 3387,
            "frame": 3387,
            "category_id": 49267,
            "category_name": "person",
            "segmentation": [],
            "area": 183787.96799999988,
            "iscrowd": 0,
            "bbox": [
                3281.4,
                713.5,
                285.7399999999998,
                643.2
            ],
            "isbbox": true,
            "attributes": {},
            "keypoints": [
                3367.49,
                780.28,
                1,
                3370.1,
                761.37,
                1,
                3397.55,
                756.94,
                1,
                3384.31,
                774.81,
                2,
                3415.08,
                768.78,
                1,
                3320.13,
                833.05,
                2,
                3486.3,
                839.7,
                2,
                3327.15,
                916.68,
                0,
                3535.71,
                942.13,
                2,
                3345.05,
                965.49,
                0,
                3508.88,
                990.08,
                2,
                3352.31,
                1048.15,
                2,
                3404.27,
                1074.99,
                2,
                3343.18,
                1165.23,
                2,
                3355.03,
                1190.23,
                2,
                3381.89,
                1258.23,
                2,
                3317.88,
                1312.94,
                2
            ],
            "num_keypoints": 17,
            "polylines": []
        },
        {
            "id": 12541,
            "source_id": 95437709,
            "track_id": null,
            "image_id": 3387,
            "frame": 3387,
            "category_id": 49231,
            "category_name": "climb_over_railing",
            "segmentation": [],
            "area": 209388.8958000001,
            "iscrowd": 0,
            "bbox": [
                2035.0,
                731.5,
                391.6300000000001,
                534.6600000000001
            ],
            "isbbox": true,
            "attributes": {},
            "keypoints": [
                2300.14,
                788.85,
                0,
                2287.44,
                773.21,
                0,
                2307.08,
                770.49,
                0,
                2273.11,
                786.09,
                2,
                2322.82,
                775.01,
                0,
                2244.39,
                800.79,
                2,
                2368.87,
                835.9,
                2,
                2174.1,
                842.44,
                2,
                2392.53,
                927.52,
                2,
                2078.42,
                824.79,
                1,
                2413.7,
                971.81,
                1,
                2182.46,
                941.31,
                2,
                2255.06,
                1019.42,
                2,
                2185.1,
                873.34,
                2,
                2232.53,
                1109.32,
                2,
                2087.37,
                890.72,
                2,
                2204.51,
                1226.84,
                2
            ],
            "num_keypoints": 17,
            "polylines": []
        }
    ]
}