{
    "licenses": [
        {
            "name": "",
            "id": 0,
            "url": ""
        }
    ],
    "info": {
        "contributor": "",
        "date_created": "",
        "description": "",
        "url": "",
        "version": "",
        "year": ""
    },
    "categories": [
        {
            "id": 49998,
            "name": "climb_over_railing",
            "supercategory": "",
            "keypoints": [
                "鼻子",
                "左眼",
                "右眼",
                "左耳",
                "右耳",
                "左肩膀",
                "右肩膀",
                "左肘",
                "右肘",
                "左手腕",
                "右手腕",
                "左腿跟",
                "右腿跟",
                "左膝盖",
                "右膝盖",
                "左脚腕",
                "右脚腕"
            ],
            "skeleton": [
                [
                    6,
                    12
                ],
                [
                    7,
                    13
                ],
                [
                    1,
                    6
                ],
                [
                    7,
                    1
                ],
                [
                    7,
                    6
                ],
                [
                    14,
                    16
                ],
                [
                    12,
                    14
                ],
                [
                    15,
                    17
                ],
                [
                    13,
                    15
                ],
                [
                    8,
                    10
                ],
                [
                    6,
                    8
                ],
                [
                    9,
                    11
                ],
                [
                    7,
                    9
                ],
                [
                    3,
                    5
                ],
                [
                    2,
                    4
                ],
                [
                    1,
                    2
                ],
                [
                    1,
                    3
                ]
            ]
        },
        {
            "id": 50016,
            "name": "jump_over_railing",
            "supercategory": "",
            "keypoints": [
                "鼻子",
                "左眼",
                "右眼",
                "左耳",
                "右耳",
                "左肩膀",
                "右肩膀",
                "左肘",
                "右肘",
                "左手腕",
                "右手腕",
                "左腿跟",
                "右腿跟",
                "左膝盖",
                "右膝盖",
                "左脚腕",
                "右脚腕"
            ],
            "skeleton": [
                [
                    6,
                    12
                ],
                [
                    7,
                    13
                ],
                [
                    1,
                    6
                ],
                [
                    7,
                    1
                ],
                [
                    7,
                    6
                ],
                [
                    14,
                    16
                ],
                [
                    12,
                    14
                ],
                [
                    15,
                    17
                ],
                [
                    13,
                    15
                ],
                [
                    8,
                    10
                ],
                [
                    6,
                    8
                ],
                [
                    9,
                    11
                ],
                [
                    7,
                    9
                ],
                [
                    3,
                    5
                ],
                [
                    2,
                    4
                ],
                [
                    1,
                    2
                ],
                [
                    1,
                    3
                ]
            ]
        },
        {
            "id": 50034,
            "name": "person",
            "supercategory": "",
            "keypoints": [
                "鼻子",
                "左眼",
                "右眼",
                "左耳",
                "右耳",
                "左肩膀",
                "右肩膀",
                "左肘",
                "右肘",
                "左手腕",
                "右手腕",
                "左腿跟",
                "右腿跟",
                "左膝盖",
                "右膝盖",
                "左脚腕",
                "右脚腕"
            ],
            "skeleton": [
                [
                    6,
                    12
                ],
                [
                    7,
                    13
                ],
                [
                    1,
                    6
                ],
                [
                    7,
                    1
                ],
                [
                    7,
                    6
                ],
                [
                    14,
                    16
                ],
                [
                    12,
                    14
                ],
                [
                    15,
                    17
                ],
                [
                    13,
                    15
                ],
                [
                    8,
                    10
                ],
                [
                    6,
                    8
                ],
                [
                    9,
                    11
                ],
                [
                    7,
                    9
                ],
                [
                    3,
                    5
                ],
                [
                    2,
                    4
                ],
                [
                    1,
                    2
                ],
                [
                    1,
                    3
                ]
            ]
        }
    ],
    "images": [
        {
            "id": 2327,
            "width": 1920,
            "height": 1080,
            "file_name": "street_1_041897.jpg",
            "path": "",
            "license": 0,
            "flickr_url": "",
            "coco_url": "",
            "date_captured": 0
        }
    ],
    "annotations": [
        {
            "id": 9159,
            "source_id": 96450016,
            "track_id": null,
            "image_id": 2327,
            "frame": 2327,
            "category_id": 50034,
            "category_name": "person",
            "segmentation": [],
            "area": 23096.59000000002,
            "iscrowd": 0,
            "bbox": [
                868.8,
                62.4,
                81.70000000000005,
                282.70000000000005
            ],
            "isbbox": true,
            "attributes": {},
            "keypoints": [
                940.69,
                90.34,
                1,
                936.15,
                84.12,
                1,
                937.76,
                86.22,
                2,
                925.65,
                85.38,
                1,
                924.79,
                92.26,
                2,
                912.39,
                107.22,
                1,
                906.7,
                125.59,
                2,
                925.78,
                149.91,
                0,
                890.8,
                159.45,
                2,
                921.98,
                165.56,
                0,
                910.75,
                176.5,
                2,
                922.7,
                213.36,
                1,
                915.78,
                218.17,
                2,
                918.67,
                276.57,
                1,
                931.83,
                277.06,
                2,
                919.49,
                324.23,
                2,
                880.15,
                318.98,
                2
            ],
            "num_keypoints": 17,
            "polylines": []
        },
        {
            "id": 9160,
            "source_id": 96450337,
            "track_id": null,
            "image_id": 2327,
            "frame": 2327,
            "category_id": 50034,
            "category_name": "person",
            "segmentation": [],
            "area": 23062.929999999975,
            "iscrowd": 0,
            "bbox": [
                1202.5,
                9.0,
                78.09999999999991,
                295.3
            ],
            "isbbox": true,
            "attributes": {},
            "keypoints": [
                1229.2,
                49.79,
                2,
                1229.67,
                44.35,
                2,
                1231.24,
                41.99,
                1,
                1243.84,
                41.44,
                2,
                1241.28,
                36.43,
                1,
                1255.43,
                73.46,
                2,
                1258.89,
                57.33,
                1,
                1254.08,
                114.39,
                2,
                1250.32,
                109.18,
                0,
                1259.87,
                132.29,
                2,
                1222.28,
                129.3,
                2,
                1246.53,
                169.68,
                2,
                1256.27,
                168.41,
                1,
                1238.88,
                223.57,
                2,
                1250.42,
                220.9,
                1,
                1237.64,
                276.54,
                2,
                1247.73,
                264.49,
                1
            ],
            "num_keypoints": 17,
            "polylines": []
        },
        {
            "id": 9161,
            "source_id": 96450738,
            "track_id": null,
            "image_id": 2327,
            "frame": 2327,
            "category_id": 50034,
            "category_name": "person",
            "segmentation": [],
            "area": 34487.05759999999,
            "iscrowd": 0,
            "bbox": [
                1289.8,
                55.58,
                119.77999999999997,
                287.92
            ],
            "isbbox": true,
            "attributes": {},
            "keypoints": [
                1376.76,
                85.96,
                0,
                1374.36,
                78.99,
                0,
                1386.8,
                80.57,
                0,
                1367.72,
                81.39,
                0,
                1389.82,
                83.98,
                0,
                1343.73,
                107.11,
                2,
                1394.08,
                115.87,
                2,
                1332.76,
                162.31,
                1,
                1390.07,
                170.17,
                2,
                1324.0,
                197.49,
                2,
                1399.22,
                215.53,
                2,
                1338.04,
                210.18,
                2,
                1375.07,
                213.89,
                2,
                1331.79,
                272.49,
                2,
                1366.13,
                273.97,
                2,
                1306.41,
                309.05,
                2,
                1356.58,
                331.78,
                2
            ],
            "num_keypoints": 17,
            "polylines": []
        },
        {
            "id": 9162,
            "source_id": 96451243,
            "track_id": null,
            "image_id": 2327,
            "frame": 2327,
            "category_id": 49998,
            "category_name": "climb_over_railing",
            "segmentation": [],
            "area": 48251.667000000016,
            "iscrowd": 0,
            "bbox": [
                973.3,
                3.0,
                195.43000000000006,
                246.9
            ],
            "isbbox": true,
            "attributes": {},
            "keypoints": [
                1020.69,
                17.31,
                1,
                1012.03,
                7.8,
                1,
                1021.97,
                7.42,
                1,
                996.03,
                14.49,
                1,
                1017.01,
                9.4,
                2,
                985.58,
                48.53,
                2,
                1032.86,
                29.72,
                2,
                986.96,
                93.21,
                2,
                1049.2,
                73.29,
                2,
                981.08,
                133.44,
                1,
                1065.6,
                107.7,
                2,
                1025.28,
                128.98,
                2,
                1050.4,
                103.65,
                2,
                1028.72,
                171.32,
                2,
                1089.15,
                99.15,
                2,
                1021.91,
                224.4,
                2,
                1146.12,
                127.84,
                2
            ],
            "num_keypoints": 17,
            "polylines": []
        },
        {
            "id": 9163,
            "source_id": 96451244,
            "track_id": null,
            "image_id": 2327,
            "frame": 2327,
            "category_id": 50034,
            "category_name": "person",
            "segmentation": [],
            "area": 151509.24199999997,
            "iscrowd": 0,
            "bbox": [
                610.2,
                518.6,
                272.19999999999993,
                556.61
            ],
            "isbbox": true,
            "attributes": {},
            "keypoints": [
                746.63,
                604.85,
                1,
                764.63,
                596.62,
                2,
                741.79,
                587.35,
                2,
                803.28,
                594.31,
                2,
                749.28,
                567.15,
                1,
                841.64,
                638.84,
                2,
                710.42,
                628.08,
                2,
                869.23,
                723.62,
                2,
                692.42,
                707.57,
                2,
                866.93,
                792.92,
                2,
                643.66,
                787.31,
                2,
                814.2,
                835.89,
                2,
                748.85,
                835.98,
                2,
                781.35,
                944.69,
                2,
                788.55,
                878.22,
                1,
                766.32,
                1055.68,
                2,
                817.06,
                934.61,
                2
            ],
            "num_keypoints": 17,
            "polylines": []
        }
    ]
}