{
    "licenses": [
        {
            "name": "",
            "id": 0,
            "url": ""
        }
    ],
    "info": {
        "contributor": "",
        "date_created": "",
        "description": "",
        "url": "",
        "version": "",
        "year": ""
    },
    "categories": [
        {
            "id": 49998,
            "name": "climb_over_railing",
            "supercategory": "",
            "keypoints": [
                "鼻子",
                "左眼",
                "右眼",
                "左耳",
                "右耳",
                "左肩膀",
                "右肩膀",
                "左肘",
                "右肘",
                "左手腕",
                "右手腕",
                "左腿跟",
                "右腿跟",
                "左膝盖",
                "右膝盖",
                "左脚腕",
                "右脚腕"
            ],
            "skeleton": [
                [
                    6,
                    12
                ],
                [
                    7,
                    13
                ],
                [
                    1,
                    6
                ],
                [
                    7,
                    1
                ],
                [
                    7,
                    6
                ],
                [
                    14,
                    16
                ],
                [
                    12,
                    14
                ],
                [
                    15,
                    17
                ],
                [
                    13,
                    15
                ],
                [
                    8,
                    10
                ],
                [
                    6,
                    8
                ],
                [
                    9,
                    11
                ],
                [
                    7,
                    9
                ],
                [
                    3,
                    5
                ],
                [
                    2,
                    4
                ],
                [
                    1,
                    2
                ],
                [
                    1,
                    3
                ]
            ]
        },
        {
            "id": 50016,
            "name": "jump_over_railing",
            "supercategory": "",
            "keypoints": [
                "鼻子",
                "左眼",
                "右眼",
                "左耳",
                "右耳",
                "左肩膀",
                "右肩膀",
                "左肘",
                "右肘",
                "左手腕",
                "右手腕",
                "左腿跟",
                "右腿跟",
                "左膝盖",
                "右膝盖",
                "左脚腕",
                "右脚腕"
            ],
            "skeleton": [
                [
                    6,
                    12
                ],
                [
                    7,
                    13
                ],
                [
                    1,
                    6
                ],
                [
                    7,
                    1
                ],
                [
                    7,
                    6
                ],
                [
                    14,
                    16
                ],
                [
                    12,
                    14
                ],
                [
                    15,
                    17
                ],
                [
                    13,
                    15
                ],
                [
                    8,
                    10
                ],
                [
                    6,
                    8
                ],
                [
                    9,
                    11
                ],
                [
                    7,
                    9
                ],
                [
                    3,
                    5
                ],
                [
                    2,
                    4
                ],
                [
                    1,
                    2
                ],
                [
                    1,
                    3
                ]
            ]
        },
        {
            "id": 50034,
            "name": "person",
            "supercategory": "",
            "keypoints": [
                "鼻子",
                "左眼",
                "右眼",
                "左耳",
                "右耳",
                "左肩膀",
                "右肩膀",
                "左肘",
                "右肘",
                "左手腕",
                "右手腕",
                "左腿跟",
                "右腿跟",
                "左膝盖",
                "右膝盖",
                "左脚腕",
                "右脚腕"
            ],
            "skeleton": [
                [
                    6,
                    12
                ],
                [
                    7,
                    13
                ],
                [
                    1,
                    6
                ],
                [
                    7,
                    1
                ],
                [
                    7,
                    6
                ],
                [
                    14,
                    16
                ],
                [
                    12,
                    14
                ],
                [
                    15,
                    17
                ],
                [
                    13,
                    15
                ],
                [
                    8,
                    10
                ],
                [
                    6,
                    8
                ],
                [
                    9,
                    11
                ],
                [
                    7,
                    9
                ],
                [
                    3,
                    5
                ],
                [
                    2,
                    4
                ],
                [
                    1,
                    2
                ],
                [
                    1,
                    3
                ]
            ]
        }
    ],
    "images": [
        {
            "id": 2932,
            "width": 1920,
            "height": 1080,
            "file_name": "street_1_071847.jpg",
            "path": "",
            "license": 0,
            "flickr_url": "",
            "coco_url": "",
            "date_captured": 0
        }
    ],
    "annotations": [
        {
            "id": 11708,
            "source_id": 96597698,
            "track_id": null,
            "image_id": 2932,
            "frame": 2932,
            "category_id": 49998,
            "category_name": "climb_over_railing",
            "segmentation": [],
            "area": 108880.86,
            "iscrowd": 0,
            "bbox": [
                929.9,
                324.8,
                273.57000000000005,
                397.99999999999994
            ],
            "isbbox": true,
            "attributes": {},
            "keypoints": [
                1167.72,
                391.09,
                2,
                1179.92,
                376.86,
                1,
                1173.91,
                385.43,
                2,
                1166.8,
                358.65,
                1,
                1163.9,
                369.68,
                2,
                1094.67,
                375.52,
                1,
                1119.71,
                418.56,
                2,
                1044.8,
                439.16,
                0,
                1136.78,
                482.0,
                2,
                1052.09,
                519.54,
                1,
                1154.3,
                532.45,
                2,
                1057.44,
                489.53,
                1,
                1029.91,
                494.89,
                2,
                1074.11,
                542.5,
                1,
                1027.84,
                585.97,
                2,
                977.9,
                544.26,
                2,
                1006.36,
                686.3,
                2
            ],
            "num_keypoints": 17,
            "polylines": []
        },
        {
            "id": 11709,
            "source_id": 96597699,
            "track_id": null,
            "image_id": 2932,
            "frame": 2932,
            "category_id": 50034,
            "category_name": "person",
            "segmentation": [],
            "area": 80222.18339999995,
            "iscrowd": 0,
            "bbox": [
                746.94,
                329.7,
                172.7399999999999,
                464.41
            ],
            "isbbox": true,
            "attributes": {},
            "keypoints": [
                859.13,
                390.07,
                1,
                852.6,
                378.73,
                1,
                857.19,
                383.0,
                2,
                829.87,
                381.57,
                1,
                834.97,
                387.82,
                2,
                798.47,
                429.08,
                2,
                846.32,
                430.78,
                2,
                817.41,
                508.35,
                0,
                865.21,
                518.7,
                2,
                884.3,
                529.23,
                1,
                885.25,
                534.31,
                2,
                799.44,
                597.46,
                2,
                859.02,
                598.05,
                2,
                795.34,
                663.75,
                2,
                848.85,
                666.34,
                2,
                784.94,
                732.18,
                2,
                844.31,
                738.42,
                2
            ],
            "num_keypoints": 17,
            "polylines": []
        },
        {
            "id": 11710,
            "source_id": 96597700,
            "track_id": null,
            "image_id": 2932,
            "frame": 2932,
            "category_id": 50034,
            "category_name": "person",
            "segmentation": [],
            "area": 74963.07880000002,
            "iscrowd": 0,
            "bbox": [
                1180.02,
                364.5,
                168.68000000000006,
                444.40999999999997
            ],
            "isbbox": true,
            "attributes": {},
            "keypoints": [
                1269.64,
                417.3,
                1,
                1274.8,
                403.23,
                1,
                1283.74,
                401.07,
                1,
                1288.96,
                410.64,
                1,
                1299.85,
                407.4,
                1,
                1305.6,
                466.57,
                2,
                1307.28,
                444.52,
                1,
                1269.37,
                524.24,
                2,
                1257.2,
                516.64,
                2,
                1209.27,
                554.66,
                2,
                1216.59,
                556.26,
                1,
                1294.93,
                559.17,
                2,
                1271.81,
                558.85,
                1,
                1287.09,
                651.04,
                2,
                1241.54,
                653.54,
                2,
                1280.61,
                762.38,
                2,
                1225.32,
                734.24,
                2
            ],
            "num_keypoints": 17,
            "polylines": []
        }
    ]
}