{
    "licenses": [
        {
            "name": "",
            "id": 0,
            "url": ""
        }
    ],
    "info": {
        "contributor": "",
        "date_created": "",
        "description": "",
        "url": "",
        "version": "",
        "year": ""
    },
    "categories": [
        {
            "id": 49231,
            "name": "climb_over_railing",
            "supercategory": "",
            "keypoints": [
                "鼻子",
                "左眼",
                "右眼",
                "左耳",
                "右耳",
                "左肩膀",
                "右肩膀",
                "左肘",
                "右肘",
                "左手腕",
                "右手腕",
                "左腿跟",
                "右腿跟",
                "左膝盖",
                "右膝盖",
                "左脚腕",
                "右脚腕"
            ],
            "skeleton": [
                [
                    6,
                    12
                ],
                [
                    7,
                    13
                ],
                [
                    1,
                    6
                ],
                [
                    7,
                    1
                ],
                [
                    7,
                    6
                ],
                [
                    14,
                    16
                ],
                [
                    12,
                    14
                ],
                [
                    15,
                    17
                ],
                [
                    13,
                    15
                ],
                [
                    8,
                    10
                ],
                [
                    6,
                    8
                ],
                [
                    9,
                    11
                ],
                [
                    7,
                    9
                ],
                [
                    3,
                    5
                ],
                [
                    2,
                    4
                ],
                [
                    1,
                    2
                ],
                [
                    1,
                    3
                ]
            ]
        },
        {
            "id": 49249,
            "name": "jump_over_railing",
            "supercategory": "",
            "keypoints": [
                "鼻子",
                "左眼",
                "右眼",
                "左耳",
                "右耳",
                "左肩膀",
                "右肩膀",
                "左肘",
                "右肘",
                "左手腕",
                "右手腕",
                "左腿跟",
                "右腿跟",
                "左膝盖",
                "右膝盖",
                "左脚腕",
                "右脚腕"
            ],
            "skeleton": [
                [
                    6,
                    12
                ],
                [
                    7,
                    13
                ],
                [
                    1,
                    6
                ],
                [
                    7,
                    1
                ],
                [
                    7,
                    6
                ],
                [
                    14,
                    16
                ],
                [
                    12,
                    14
                ],
                [
                    15,
                    17
                ],
                [
                    13,
                    15
                ],
                [
                    8,
                    10
                ],
                [
                    6,
                    8
                ],
                [
                    9,
                    11
                ],
                [
                    7,
                    9
                ],
                [
                    3,
                    5
                ],
                [
                    2,
                    4
                ],
                [
                    1,
                    2
                ],
                [
                    1,
                    3
                ]
            ]
        },
        {
            "id": 49267,
            "name": "person",
            "supercategory": "",
            "keypoints": [
                "鼻子",
                "左眼",
                "右眼",
                "左耳",
                "右耳",
                "左肩膀",
                "右肩膀",
                "左肘",
                "右肘",
                "左手腕",
                "右手腕",
                "左腿跟",
                "右腿跟",
                "左膝盖",
                "右膝盖",
                "左脚腕",
                "右脚腕"
            ],
            "skeleton": [
                [
                    6,
                    12
                ],
                [
                    7,
                    13
                ],
                [
                    1,
                    6
                ],
                [
                    7,
                    1
                ],
                [
                    7,
                    6
                ],
                [
                    14,
                    16
                ],
                [
                    12,
                    14
                ],
                [
                    15,
                    17
                ],
                [
                    13,
                    15
                ],
                [
                    8,
                    10
                ],
                [
                    6,
                    8
                ],
                [
                    9,
                    11
                ],
                [
                    7,
                    9
                ],
                [
                    3,
                    5
                ],
                [
                    2,
                    4
                ],
                [
                    1,
                    2
                ],
                [
                    1,
                    3
                ]
            ]
        }
    ],
    "images": [
        {
            "id": 1177,
            "width": 1920,
            "height": 1080,
            "file_name": "street_111_000292.jpg",
            "path": "",
            "license": 0,
            "flickr_url": "",
            "coco_url": "",
            "date_captured": 0
        }
    ],
    "annotations": [
        {
            "id": 4402,
            "source_id": 94581697,
            "track_id": null,
            "image_id": 1177,
            "frame": 1177,
            "category_id": 49231,
            "category_name": "climb_over_railing",
            "segmentation": [],
            "area": 92151.59999999999,
            "iscrowd": 0,
            "bbox": [
                946.2,
                445.12,
                307.5,
                299.67999999999995
            ],
            "isbbox": true,
            "attributes": {},
            "keypoints": [
                964.88,
                492.03,
                1,
                958.81,
                488.86,
                1,
                967.45,
                482.31,
                1,
                956.85,
                482.57,
                2,
                977.06,
                471.5,
                1,
                981.94,
                499.92,
                2,
                1001.65,
                479.92,
                1,
                1003.01,
                545.96,
                2,
                1036.94,
                548.77,
                0,
                1004.7,
                589.4,
                2,
                1051.47,
                597.71,
                2,
                1076.45,
                545.23,
                2,
                1062.09,
                566.29,
                1,
                1147.28,
                618.6,
                2,
                1052.78,
                641.25,
                2,
                1212.97,
                623.68,
                2,
                1059.45,
                720.74,
                2
            ],
            "num_keypoints": 17,
            "polylines": []
        },
        {
            "id": 4403,
            "source_id": 94586865,
            "track_id": null,
            "image_id": 1177,
            "frame": 1177,
            "category_id": 49267,
            "category_name": "person",
            "segmentation": [],
            "area": 36538.69999999998,
            "iscrowd": 0,
            "bbox": [
                755.0,
                380.3,
                129.79999999999995,
                281.49999999999994
            ],
            "isbbox": true,
            "attributes": {},
            "keypoints": [
                814.06,
                425.53,
                1,
                818.81,
                419.3,
                1,
                819.05,
                421.24,
                1,
                809.88,
                406.98,
                1,
                809.04,
                409.67,
                2,
                771.56,
                425.52,
                1,
                785.36,
                445.55,
                2,
                789.11,
                466.29,
                0,
                783.54,
                489.1,
                2,
                812.84,
                471.48,
                2,
                800.26,
                534.04,
                2,
                785.59,
                525.83,
                1,
                806.71,
                523.56,
                2,
                787.15,
                584.36,
                2,
                837.81,
                577.78,
                2,
                786.37,
                645.0,
                2,
                856.16,
                636.28,
                2
            ],
            "num_keypoints": 17,
            "polylines": []
        },
        {
            "id": 4404,
            "source_id": 94586866,
            "track_id": null,
            "image_id": 1177,
            "frame": 1177,
            "category_id": 49267,
            "category_name": "person",
            "segmentation": [],
            "area": 45261.15999999998,
            "iscrowd": 0,
            "bbox": [
                1096.9,
                354.7,
                148.29999999999995,
                305.2
            ],
            "isbbox": true,
            "attributes": {},
            "keypoints": [
                1162.68,
                395.81,
                2,
                1165.65,
                393.38,
                1,
                1158.92,
                389.79,
                1,
                1185.8,
                391.43,
                2,
                1169.71,
                381.04,
                1,
                1219.75,
                428.42,
                2,
                1155.12,
                401.26,
                2,
                1219.38,
                475.09,
                2,
                1142.55,
                437.26,
                2,
                1218.9,
                518.7,
                2,
                1138.14,
                464.55,
                2,
                1185.41,
                512.62,
                2,
                1151.19,
                500.98,
                2,
                1185.24,
                575.34,
                2,
                1144.04,
                563.69,
                2,
                1184.51,
                631.46,
                2,
                1131.31,
                613.21,
                1
            ],
            "num_keypoints": 17,
            "polylines": []
        }
    ]
}