{
    "licenses": [
        {
            "name": "",
            "id": 0,
            "url": ""
        }
    ],
    "info": {
        "contributor": "",
        "date_created": "",
        "description": "",
        "url": "",
        "version": "",
        "year": ""
    },
    "categories": [
        {
            "id": 48798,
            "name": "climb_over_railing",
            "supercategory": "",
            "keypoints": [
                "鼻子",
                "左眼",
                "右眼",
                "左耳",
                "右耳",
                "左肩膀",
                "右肩膀",
                "左肘",
                "右肘",
                "左手腕",
                "右手腕",
                "左腿跟",
                "右腿跟",
                "左膝盖",
                "右膝盖",
                "左脚腕",
                "右脚腕"
            ],
            "skeleton": [
                [
                    6,
                    12
                ],
                [
                    7,
                    13
                ],
                [
                    1,
                    6
                ],
                [
                    7,
                    1
                ],
                [
                    7,
                    6
                ],
                [
                    14,
                    16
                ],
                [
                    12,
                    14
                ],
                [
                    15,
                    17
                ],
                [
                    13,
                    15
                ],
                [
                    8,
                    10
                ],
                [
                    6,
                    8
                ],
                [
                    9,
                    11
                ],
                [
                    7,
                    9
                ],
                [
                    3,
                    5
                ],
                [
                    2,
                    4
                ],
                [
                    1,
                    2
                ],
                [
                    1,
                    3
                ]
            ]
        },
        {
            "id": 48816,
            "name": "jump_over_railing",
            "supercategory": "",
            "keypoints": [
                "鼻子",
                "左眼",
                "右眼",
                "左耳",
                "右耳",
                "左肩膀",
                "右肩膀",
                "左肘",
                "右肘",
                "左手腕",
                "右手腕",
                "左腿跟",
                "右腿跟",
                "左膝盖",
                "右膝盖",
                "左脚腕",
                "右脚腕"
            ],
            "skeleton": [
                [
                    6,
                    12
                ],
                [
                    7,
                    13
                ],
                [
                    1,
                    6
                ],
                [
                    7,
                    1
                ],
                [
                    7,
                    6
                ],
                [
                    14,
                    16
                ],
                [
                    12,
                    14
                ],
                [
                    15,
                    17
                ],
                [
                    13,
                    15
                ],
                [
                    8,
                    10
                ],
                [
                    6,
                    8
                ],
                [
                    9,
                    11
                ],
                [
                    7,
                    9
                ],
                [
                    3,
                    5
                ],
                [
                    2,
                    4
                ],
                [
                    1,
                    2
                ],
                [
                    1,
                    3
                ]
            ]
        },
        {
            "id": 48834,
            "name": "person",
            "supercategory": "",
            "keypoints": [
                "鼻子",
                "左眼",
                "右眼",
                "左耳",
                "右耳",
                "左肩膀",
                "右肩膀",
                "左肘",
                "右肘",
                "左手腕",
                "右手腕",
                "左腿跟",
                "右腿跟",
                "左膝盖",
                "右膝盖",
                "左脚腕",
                "右脚腕"
            ],
            "skeleton": [
                [
                    6,
                    12
                ],
                [
                    7,
                    13
                ],
                [
                    1,
                    6
                ],
                [
                    7,
                    1
                ],
                [
                    7,
                    6
                ],
                [
                    14,
                    16
                ],
                [
                    12,
                    14
                ],
                [
                    15,
                    17
                ],
                [
                    13,
                    15
                ],
                [
                    8,
                    10
                ],
                [
                    6,
                    8
                ],
                [
                    9,
                    11
                ],
                [
                    7,
                    9
                ],
                [
                    3,
                    5
                ],
                [
                    2,
                    4
                ],
                [
                    1,
                    2
                ],
                [
                    1,
                    3
                ]
            ]
        }
    ],
    "images": [
        {
            "id": 520,
            "width": 1920,
            "height": 1080,
            "file_name": "street_57_000205.jpg",
            "path": "",
            "license": 0,
            "flickr_url": "",
            "coco_url": "",
            "date_captured": 0
        }
    ],
    "annotations": [
        {
            "id": 1489,
            "source_id": 93984803,
            "track_id": null,
            "image_id": 520,
            "frame": 520,
            "category_id": 48798,
            "category_name": "climb_over_railing",
            "segmentation": [],
            "area": 27113.440000000013,
            "iscrowd": 0,
            "bbox": [
                818.4,
                540.4,
                155.20000000000005,
                174.70000000000005
            ],
            "isbbox": true,
            "attributes": {},
            "keypoints": [
                939.49,
                593.79,
                2,
                944.55,
                586.83,
                1,
                935.18,
                587.06,
                1,
                952.85,
                575.54,
                1,
                923.44,
                575.4,
                1,
                966.19,
                583.8,
                2,
                909.63,
                570.37,
                2,
                928.44,
                627.27,
                2,
                909.46,
                620.42,
                2,
                900.04,
                643.98,
                2,
                915.22,
                652.18,
                2,
                933.15,
                628.46,
                1,
                892.25,
                595.59,
                2,
                923.7,
                678.48,
                2,
                853.5,
                628.12,
                2,
                918.92,
                710.5,
                0,
                851.67,
                573.52,
                2
            ],
            "num_keypoints": 17,
            "polylines": []
        },
        {
            "id": 1490,
            "source_id": 93994274,
            "track_id": null,
            "image_id": 520,
            "frame": 520,
            "category_id": 48834,
            "category_name": "person",
            "segmentation": [],
            "area": 28147.840000000015,
            "iscrowd": 0,
            "bbox": [
                820.5,
                702.4,
                144.20000000000005,
                195.20000000000005
            ],
            "isbbox": true,
            "attributes": {},
            "keypoints": [
                940.37,
                739.43,
                2,
                938.51,
                733.0,
                1,
                934.91,
                735.31,
                2,
                920.66,
                733.27,
                1,
                912.12,
                737.0,
                2,
                887.55,
                740.29,
                2,
                923.1,
                764.58,
                2,
                903.84,
                790.57,
                0,
                961.55,
                813.11,
                2,
                939.54,
                777.42,
                2,
                957.81,
                801.59,
                2,
                826.81,
                833.97,
                2,
                873.88,
                857.36,
                2,
                897.74,
                803.81,
                0,
                943.15,
                822.61,
                2,
                862.72,
                863.16,
                1,
                898.24,
                875.19,
                2
            ],
            "num_keypoints": 17,
            "polylines": []
        },
        {
            "id": 1491,
            "source_id": 93995084,
            "track_id": null,
            "image_id": 520,
            "frame": 520,
            "category_id": 48834,
            "category_name": "person",
            "segmentation": [],
            "area": 51749.519999999946,
            "iscrowd": 0,
            "bbox": [
                1049.9,
                606.5,
                154.19999999999982,
                335.6
            ],
            "isbbox": true,
            "attributes": {},
            "keypoints": [
                1124.56,
                654.96,
                1,
                1121.17,
                642.28,
                2,
                1124.13,
                636.98,
                1,
                1133.76,
                644.1,
                2,
                1140.48,
                636.8,
                1,
                1139.68,
                675.4,
                2,
                1187.88,
                655.64,
                2,
                1122.1,
                740.35,
                2,
                1194.54,
                709.55,
                0,
                1073.93,
                777.79,
                2,
                1181.11,
                742.92,
                0,
                1138.88,
                781.09,
                2,
                1177.38,
                781.48,
                2,
                1090.02,
                816.12,
                2,
                1157.58,
                841.86,
                2,
                1138.28,
                878.89,
                2,
                1168.09,
                908.78,
                2
            ],
            "num_keypoints": 17,
            "polylines": []
        }
    ]
}