{
    "licenses": [
        {
            "name": "",
            "id": 0,
            "url": ""
        }
    ],
    "info": {
        "contributor": "",
        "date_created": "",
        "description": "",
        "url": "",
        "version": "",
        "year": ""
    },
    "categories": [
        {
            "id": 49231,
            "name": "climb_over_railing",
            "supercategory": "",
            "keypoints": [
                "鼻子",
                "左眼",
                "右眼",
                "左耳",
                "右耳",
                "左肩膀",
                "右肩膀",
                "左肘",
                "右肘",
                "左手腕",
                "右手腕",
                "左腿跟",
                "右腿跟",
                "左膝盖",
                "右膝盖",
                "左脚腕",
                "右脚腕"
            ],
            "skeleton": [
                [
                    6,
                    12
                ],
                [
                    7,
                    13
                ],
                [
                    1,
                    6
                ],
                [
                    7,
                    1
                ],
                [
                    7,
                    6
                ],
                [
                    14,
                    16
                ],
                [
                    12,
                    14
                ],
                [
                    15,
                    17
                ],
                [
                    13,
                    15
                ],
                [
                    8,
                    10
                ],
                [
                    6,
                    8
                ],
                [
                    9,
                    11
                ],
                [
                    7,
                    9
                ],
                [
                    3,
                    5
                ],
                [
                    2,
                    4
                ],
                [
                    1,
                    2
                ],
                [
                    1,
                    3
                ]
            ]
        },
        {
            "id": 49249,
            "name": "jump_over_railing",
            "supercategory": "",
            "keypoints": [
                "鼻子",
                "左眼",
                "右眼",
                "左耳",
                "右耳",
                "左肩膀",
                "右肩膀",
                "左肘",
                "右肘",
                "左手腕",
                "右手腕",
                "左腿跟",
                "右腿跟",
                "左膝盖",
                "右膝盖",
                "左脚腕",
                "右脚腕"
            ],
            "skeleton": [
                [
                    6,
                    12
                ],
                [
                    7,
                    13
                ],
                [
                    1,
                    6
                ],
                [
                    7,
                    1
                ],
                [
                    7,
                    6
                ],
                [
                    14,
                    16
                ],
                [
                    12,
                    14
                ],
                [
                    15,
                    17
                ],
                [
                    13,
                    15
                ],
                [
                    8,
                    10
                ],
                [
                    6,
                    8
                ],
                [
                    9,
                    11
                ],
                [
                    7,
                    9
                ],
                [
                    3,
                    5
                ],
                [
                    2,
                    4
                ],
                [
                    1,
                    2
                ],
                [
                    1,
                    3
                ]
            ]
        },
        {
            "id": 49267,
            "name": "person",
            "supercategory": "",
            "keypoints": [
                "鼻子",
                "左眼",
                "右眼",
                "左耳",
                "右耳",
                "左肩膀",
                "右肩膀",
                "左肘",
                "右肘",
                "左手腕",
                "右手腕",
                "左腿跟",
                "右腿跟",
                "左膝盖",
                "右膝盖",
                "左脚腕",
                "右脚腕"
            ],
            "skeleton": [
                [
                    6,
                    12
                ],
                [
                    7,
                    13
                ],
                [
                    1,
                    6
                ],
                [
                    7,
                    1
                ],
                [
                    7,
                    6
                ],
                [
                    14,
                    16
                ],
                [
                    12,
                    14
                ],
                [
                    15,
                    17
                ],
                [
                    13,
                    15
                ],
                [
                    8,
                    10
                ],
                [
                    6,
                    8
                ],
                [
                    9,
                    11
                ],
                [
                    7,
                    9
                ],
                [
                    3,
                    5
                ],
                [
                    2,
                    4
                ],
                [
                    1,
                    2
                ],
                [
                    1,
                    3
                ]
            ]
        }
    ],
    "images": [
        {
            "id": 2101,
            "width": 1920,
            "height": 1080,
            "file_name": "street_1_022292.jpg",
            "path": "",
            "license": 0,
            "flickr_url": "",
            "coco_url": "",
            "date_captured": 0
        }
    ],
    "annotations": [
        {
            "id": 7471,
            "source_id": 94831252,
            "track_id": null,
            "image_id": 2101,
            "frame": 2101,
            "category_id": 49267,
            "category_name": "person",
            "segmentation": [],
            "area": 1728.9800000000018,
            "iscrowd": 0,
            "bbox": [
                425.2,
                128.7,
                27.100000000000023,
                63.80000000000001
            ],
            "isbbox": true,
            "attributes": {},
            "keypoints": [
                436.72,
                135.24,
                0,
                435.24,
                134.23,
                0,
                437.35,
                133.76,
                0,
                434.15,
                135.55,
                0,
                438.68,
                134.75,
                0,
                428.93,
                141.95,
                2,
                442.18,
                141.59,
                2,
                427.19,
                150.85,
                2,
                446.54,
                151.45,
                2,
                428.43,
                157.84,
                2,
                449.0,
                162.26,
                2,
                433.8,
                160.01,
                2,
                439.98,
                159.43,
                2,
                436.41,
                174.26,
                2,
                442.39,
                172.5,
                2,
                436.13,
                186.97,
                2,
                444.41,
                187.55,
                2
            ],
            "num_keypoints": 17,
            "polylines": []
        },
        {
            "id": 7472,
            "source_id": 94831253,
            "track_id": null,
            "image_id": 2101,
            "frame": 2101,
            "category_id": 49267,
            "category_name": "person",
            "segmentation": [],
            "area": 19085.39999999998,
            "iscrowd": 0,
            "bbox": [
                972.4,
                374.8,
                92.19999999999993,
                206.99999999999994
            ],
            "isbbox": true,
            "attributes": {},
            "keypoints": [
                1031.38,
                397.81,
                1,
                1032.59,
                394.07,
                1,
                1027.12,
                395.79,
                1,
                1028.17,
                393.13,
                1,
                1014.91,
                396.46,
                2,
                1038.13,
                413.11,
                2,
                1002.32,
                418.66,
                2,
                1059.78,
                427.77,
                2,
                977.67,
                442.77,
                2,
                1037.73,
                448.1,
                2,
                1000.63,
                457.55,
                2,
                1032.49,
                462.83,
                2,
                1012.14,
                466.61,
                2,
                1037.27,
                522.76,
                2,
                1011.55,
                523.03,
                2,
                1034.88,
                562.36,
                2,
                1016.32,
                564.02,
                2
            ],
            "num_keypoints": 17,
            "polylines": []
        },
        {
            "id": 7473,
            "source_id": 94831254,
            "track_id": null,
            "image_id": 2101,
            "frame": 2101,
            "category_id": 49267,
            "category_name": "person",
            "segmentation": [],
            "area": 14279.077999999994,
            "iscrowd": 0,
            "bbox": [
                1373.3,
                372.39,
                63.799999999999955,
                223.81000000000006
            ],
            "isbbox": true,
            "attributes": {},
            "keypoints": [
                1392.65,
                394.26,
                1,
                1398.19,
                389.7,
                1,
                1402.24,
                387.62,
                1,
                1405.7,
                397.76,
                1,
                1411.08,
                393.06,
                1,
                1411.14,
                424.69,
                2,
                1433.78,
                418.8,
                1,
                1407.08,
                458.62,
                2,
                1426.4,
                456.72,
                0,
                1398.15,
                480.72,
                2,
                1412.73,
                477.5,
                0,
                1401.93,
                492.73,
                2,
                1429.07,
                490.4,
                1,
                1391.01,
                531.61,
                2,
                1406.81,
                529.85,
                1,
                1391.61,
                577.21,
                2,
                1407.7,
                571.16,
                1
            ],
            "num_keypoints": 17,
            "polylines": []
        },
        {
            "id": 7474,
            "source_id": 94831255,
            "track_id": null,
            "image_id": 2101,
            "frame": 2101,
            "category_id": 49231,
            "category_name": "climb_over_railing",
            "segmentation": [],
            "area": 43954.87,
            "iscrowd": 0,
            "bbox": [
                1002.3,
                421.3,
                192.70000000000005,
                228.09999999999997
            ],
            "isbbox": true,
            "attributes": {},
            "keypoints": [
                1178.55,
                452.0,
                1,
                1182.62,
                446.16,
                2,
                1174.67,
                443.81,
                2,
                1187.52,
                451.41,
                1,
                1162.0,
                442.57,
                1,
                1180.02,
                466.95,
                2,
                1140.32,
                459.6,
                2,
                1150.57,
                493.5,
                1,
                1119.83,
                494.75,
                2,
                1154.76,
                525.42,
                2,
                1116.53,
                530.98,
                2,
                1130.69,
                527.72,
                2,
                1106.65,
                504.97,
                2,
                1123.39,
                581.69,
                2,
                1071.04,
                533.14,
                2,
                1111.57,
                627.06,
                2,
                1031.63,
                546.26,
                2
            ],
            "num_keypoints": 17,
            "polylines": []
        },
        {
            "id": 7475,
            "source_id": 94961013,
            "track_id": null,
            "image_id": 2101,
            "frame": 2101,
            "category_id": 49267,
            "category_name": "person",
            "segmentation": [],
            "area": 23634.975000000024,
            "iscrowd": 0,
            "bbox": [
                1242.1,
                383.6,
                103.8900000000001,
                227.5
            ],
            "isbbox": true,
            "attributes": {},
            "keypoints": [
                1309.65,
                415.3,
                1,
                1304.56,
                407.56,
                1,
                1312.26,
                406.03,
                1,
                1304.73,
                413.04,
                2,
                1326.85,
                407.64,
                1,
                1313.01,
                445.67,
                2,
                1334.51,
                432.09,
                1,
                1296.52,
                478.83,
                2,
                1323.44,
                470.23,
                0,
                1270.08,
                502.04,
                1,
                1303.33,
                490.96,
                0,
                1303.39,
                496.0,
                2,
                1311.3,
                506.52,
                1,
                1253.0,
                502.65,
                2,
                1284.24,
                527.14,
                2,
                1268.21,
                554.24,
                2,
                1298.92,
                587.24,
                2
            ],
            "num_keypoints": 17,
            "polylines": []
        }
    ]
}