{
    "licenses": [
        {
            "name": "",
            "id": 0,
            "url": ""
        }
    ],
    "info": {
        "contributor": "",
        "date_created": "",
        "description": "",
        "url": "",
        "version": "",
        "year": ""
    },
    "categories": [
        {
            "id": 49231,
            "name": "climb_over_railing",
            "supercategory": "",
            "keypoints": [
                "鼻子",
                "左眼",
                "右眼",
                "左耳",
                "右耳",
                "左肩膀",
                "右肩膀",
                "左肘",
                "右肘",
                "左手腕",
                "右手腕",
                "左腿跟",
                "右腿跟",
                "左膝盖",
                "右膝盖",
                "左脚腕",
                "右脚腕"
            ],
            "skeleton": [
                [
                    6,
                    12
                ],
                [
                    7,
                    13
                ],
                [
                    1,
                    6
                ],
                [
                    7,
                    1
                ],
                [
                    7,
                    6
                ],
                [
                    14,
                    16
                ],
                [
                    12,
                    14
                ],
                [
                    15,
                    17
                ],
                [
                    13,
                    15
                ],
                [
                    8,
                    10
                ],
                [
                    6,
                    8
                ],
                [
                    9,
                    11
                ],
                [
                    7,
                    9
                ],
                [
                    3,
                    5
                ],
                [
                    2,
                    4
                ],
                [
                    1,
                    2
                ],
                [
                    1,
                    3
                ]
            ]
        },
        {
            "id": 49249,
            "name": "jump_over_railing",
            "supercategory": "",
            "keypoints": [
                "鼻子",
                "左眼",
                "右眼",
                "左耳",
                "右耳",
                "左肩膀",
                "右肩膀",
                "左肘",
                "右肘",
                "左手腕",
                "右手腕",
                "左腿跟",
                "右腿跟",
                "左膝盖",
                "右膝盖",
                "左脚腕",
                "右脚腕"
            ],
            "skeleton": [
                [
                    6,
                    12
                ],
                [
                    7,
                    13
                ],
                [
                    1,
                    6
                ],
                [
                    7,
                    1
                ],
                [
                    7,
                    6
                ],
                [
                    14,
                    16
                ],
                [
                    12,
                    14
                ],
                [
                    15,
                    17
                ],
                [
                    13,
                    15
                ],
                [
                    8,
                    10
                ],
                [
                    6,
                    8
                ],
                [
                    9,
                    11
                ],
                [
                    7,
                    9
                ],
                [
                    3,
                    5
                ],
                [
                    2,
                    4
                ],
                [
                    1,
                    2
                ],
                [
                    1,
                    3
                ]
            ]
        },
        {
            "id": 49267,
            "name": "person",
            "supercategory": "",
            "keypoints": [
                "鼻子",
                "左眼",
                "右眼",
                "左耳",
                "右耳",
                "左肩膀",
                "右肩膀",
                "左肘",
                "右肘",
                "左手腕",
                "右手腕",
                "左腿跟",
                "右腿跟",
                "左膝盖",
                "右膝盖",
                "左脚腕",
                "右脚腕"
            ],
            "skeleton": [
                [
                    6,
                    12
                ],
                [
                    7,
                    13
                ],
                [
                    1,
                    6
                ],
                [
                    7,
                    1
                ],
                [
                    7,
                    6
                ],
                [
                    14,
                    16
                ],
                [
                    12,
                    14
                ],
                [
                    15,
                    17
                ],
                [
                    13,
                    15
                ],
                [
                    8,
                    10
                ],
                [
                    6,
                    8
                ],
                [
                    9,
                    11
                ],
                [
                    7,
                    9
                ],
                [
                    3,
                    5
                ],
                [
                    2,
                    4
                ],
                [
                    1,
                    2
                ],
                [
                    1,
                    3
                ]
            ]
        }
    ],
    "images": [
        {
            "id": 1510,
            "width": 1920,
            "height": 1080,
            "file_name": "street_113_000701.jpg",
            "path": "",
            "license": 0,
            "flickr_url": "",
            "coco_url": "",
            "date_captured": 0
        }
    ],
    "annotations": [
        {
            "id": 5603,
            "source_id": 94666648,
            "track_id": null,
            "image_id": 1510,
            "frame": 1510,
            "category_id": 49231,
            "category_name": "climb_over_railing",
            "segmentation": [],
            "area": 28660.466400000005,
            "iscrowd": 0,
            "bbox": [
                628.3,
                306.88,
                169.87,
                168.72000000000003
            ],
            "isbbox": true,
            "attributes": {},
            "keypoints": [
                778.31,
                334.4,
                1,
                784.01,
                333.08,
                1,
                780.76,
                330.87,
                1,
                783.69,
                321.38,
                1,
                775.23,
                320.15,
                2,
                778.37,
                338.27,
                2,
                750.66,
                312.05,
                2,
                748.97,
                346.75,
                0,
                733.53,
                342.47,
                2,
                731.99,
                364.58,
                2,
                748.18,
                372.7,
                2,
                722.57,
                369.09,
                2,
                707.08,
                351.6,
                2,
                727.16,
                408.12,
                2,
                698.82,
                386.83,
                2,
                717.77,
                457.34,
                2,
                655.78,
                384.71,
                2
            ],
            "num_keypoints": 17,
            "polylines": []
        },
        {
            "id": 5604,
            "source_id": 94666712,
            "track_id": null,
            "image_id": 1510,
            "frame": 1510,
            "category_id": 49231,
            "category_name": "climb_over_railing",
            "segmentation": [],
            "area": 31863.545100000007,
            "iscrowd": 0,
            "bbox": [
                813.9,
                287.79,
                162.81000000000006,
                195.70999999999998
            ],
            "isbbox": true,
            "attributes": {},
            "keypoints": [
                957.1,
                317.97,
                1,
                962.7,
                310.3,
                1,
                964.32,
                314.49,
                1,
                957.5,
                304.62,
                1,
                957.1,
                309.62,
                2,
                924.75,
                303.07,
                2,
                940.14,
                331.95,
                2,
                923.24,
                337.16,
                0,
                922.51,
                365.43,
                2,
                926.03,
                375.93,
                2,
                950.08,
                364.32,
                2,
                874.14,
                345.67,
                2,
                900.18,
                387.89,
                2,
                864.87,
                347.91,
                2,
                906.86,
                415.61,
                2,
                840.65,
                352.37,
                2,
                893.88,
                467.21,
                2
            ],
            "num_keypoints": 17,
            "polylines": []
        },
        {
            "id": 5605,
            "source_id": 94666714,
            "track_id": null,
            "image_id": 1510,
            "frame": 1510,
            "category_id": 49267,
            "category_name": "person",
            "segmentation": [],
            "area": 16900.01179999999,
            "iscrowd": 0,
            "bbox": [
                991.6,
                276.61,
                77.41999999999996,
                218.28999999999996
            ],
            "isbbox": true,
            "attributes": {},
            "keypoints": [
                1009.06,
                307.1,
                2,
                1010.59,
                303.14,
                2,
                1010.43,
                300.87,
                1,
                1022.06,
                295.53,
                2,
                1019.09,
                295.32,
                1,
                1028.89,
                319.17,
                2,
                1037.24,
                306.76,
                1,
                1037.21,
                355.64,
                2,
                1032.09,
                355.25,
                0,
                1035.68,
                388.74,
                2,
                1027.78,
                394.05,
                0,
                1016.44,
                400.57,
                2,
                1032.16,
                400.57,
                1,
                1012.99,
                430.69,
                2,
                1027.23,
                425.27,
                2,
                1018.0,
                473.4,
                2,
                1055.27,
                466.51,
                2
            ],
            "num_keypoints": 17,
            "polylines": []
        }
    ]
}