{
    "licenses": [
        {
            "name": "",
            "id": 0,
            "url": ""
        }
    ],
    "info": {
        "contributor": "",
        "date_created": "",
        "description": "",
        "url": "",
        "version": "",
        "year": ""
    },
    "categories": [
        {
            "id": 49998,
            "name": "climb_over_railing",
            "supercategory": "",
            "keypoints": [
                "鼻子",
                "左眼",
                "右眼",
                "左耳",
                "右耳",
                "左肩膀",
                "右肩膀",
                "左肘",
                "右肘",
                "左手腕",
                "右手腕",
                "左腿跟",
                "右腿跟",
                "左膝盖",
                "右膝盖",
                "左脚腕",
                "右脚腕"
            ],
            "skeleton": [
                [
                    6,
                    12
                ],
                [
                    7,
                    13
                ],
                [
                    1,
                    6
                ],
                [
                    7,
                    1
                ],
                [
                    7,
                    6
                ],
                [
                    14,
                    16
                ],
                [
                    12,
                    14
                ],
                [
                    15,
                    17
                ],
                [
                    13,
                    15
                ],
                [
                    8,
                    10
                ],
                [
                    6,
                    8
                ],
                [
                    9,
                    11
                ],
                [
                    7,
                    9
                ],
                [
                    3,
                    5
                ],
                [
                    2,
                    4
                ],
                [
                    1,
                    2
                ],
                [
                    1,
                    3
                ]
            ]
        },
        {
            "id": 50016,
            "name": "jump_over_railing",
            "supercategory": "",
            "keypoints": [
                "鼻子",
                "左眼",
                "右眼",
                "左耳",
                "右耳",
                "左肩膀",
                "右肩膀",
                "左肘",
                "右肘",
                "左手腕",
                "右手腕",
                "左腿跟",
                "右腿跟",
                "左膝盖",
                "右膝盖",
                "左脚腕",
                "右脚腕"
            ],
            "skeleton": [
                [
                    6,
                    12
                ],
                [
                    7,
                    13
                ],
                [
                    1,
                    6
                ],
                [
                    7,
                    1
                ],
                [
                    7,
                    6
                ],
                [
                    14,
                    16
                ],
                [
                    12,
                    14
                ],
                [
                    15,
                    17
                ],
                [
                    13,
                    15
                ],
                [
                    8,
                    10
                ],
                [
                    6,
                    8
                ],
                [
                    9,
                    11
                ],
                [
                    7,
                    9
                ],
                [
                    3,
                    5
                ],
                [
                    2,
                    4
                ],
                [
                    1,
                    2
                ],
                [
                    1,
                    3
                ]
            ]
        },
        {
            "id": 50034,
            "name": "person",
            "supercategory": "",
            "keypoints": [
                "鼻子",
                "左眼",
                "右眼",
                "左耳",
                "右耳",
                "左肩膀",
                "右肩膀",
                "左肘",
                "右肘",
                "左手腕",
                "右手腕",
                "左腿跟",
                "右腿跟",
                "左膝盖",
                "右膝盖",
                "左脚腕",
                "右脚腕"
            ],
            "skeleton": [
                [
                    6,
                    12
                ],
                [
                    7,
                    13
                ],
                [
                    1,
                    6
                ],
                [
                    7,
                    1
                ],
                [
                    7,
                    6
                ],
                [
                    14,
                    16
                ],
                [
                    12,
                    14
                ],
                [
                    15,
                    17
                ],
                [
                    13,
                    15
                ],
                [
                    8,
                    10
                ],
                [
                    6,
                    8
                ],
                [
                    9,
                    11
                ],
                [
                    7,
                    9
                ],
                [
                    3,
                    5
                ],
                [
                    2,
                    4
                ],
                [
                    1,
                    2
                ],
                [
                    1,
                    3
                ]
            ]
        }
    ],
    "images": [
        {
            "id": 1907,
            "width": 1920,
            "height": 1080,
            "file_name": "street_1_015529.jpg",
            "path": "",
            "license": 0,
            "flickr_url": "",
            "coco_url": "",
            "date_captured": 0
        }
    ],
    "annotations": [
        {
            "id": 7294,
            "source_id": 96346846,
            "track_id": null,
            "image_id": 1907,
            "frame": 1907,
            "category_id": 49998,
            "category_name": "climb_over_railing",
            "segmentation": [],
            "area": 108120.82190000004,
            "iscrowd": 0,
            "bbox": [
                667.01,
                497.69,
                242.69000000000005,
                445.51000000000005
            ],
            "isbbox": true,
            "attributes": {},
            "keypoints": [
                893.01,
                539.66,
                2,
                894.59,
                535.63,
                2,
                887.07,
                531.42,
                2,
                867.4,
                533.49,
                1,
                861.12,
                528.87,
                2,
                888.25,
                599.57,
                2,
                809.75,
                565.4,
                2,
                884.25,
                652.94,
                2,
                756.07,
                616.59,
                2,
                888.9,
                722.64,
                2,
                751.15,
                658.05,
                2,
                814.57,
                713.4,
                2,
                761.82,
                692.0,
                2,
                804.53,
                814.19,
                2,
                678.93,
                731.57,
                2,
                792.42,
                899.02,
                2,
                709.97,
                792.07,
                2
            ],
            "num_keypoints": 17,
            "polylines": []
        },
        {
            "id": 7295,
            "source_id": 96362697,
            "track_id": null,
            "image_id": 1907,
            "frame": 1907,
            "category_id": 50034,
            "category_name": "person",
            "segmentation": [],
            "area": 65324.48000000002,
            "iscrowd": 0,
            "bbox": [
                1407.1,
                543.7,
                153.20000000000005,
                426.4
            ],
            "isbbox": true,
            "attributes": {},
            "keypoints": [
                1451.37,
                593.45,
                2,
                1454.8,
                584.47,
                2,
                1449.85,
                583.39,
                1,
                1483.04,
                580.01,
                2,
                1479.21,
                578.51,
                1,
                1528.26,
                627.19,
                2,
                1461.09,
                622.98,
                2,
                1546.84,
                700.49,
                2,
                1502.36,
                693.88,
                0,
                1548.21,
                728.93,
                2,
                1543.28,
                729.65,
                1,
                1517.52,
                760.52,
                2,
                1458.14,
                749.68,
                2,
                1508.42,
                850.64,
                2,
                1453.41,
                830.68,
                2,
                1513.99,
                934.65,
                2,
                1450.35,
                918.53,
                2
            ],
            "num_keypoints": 17,
            "polylines": []
        },
        {
            "id": 7296,
            "source_id": 96365118,
            "track_id": null,
            "image_id": 1907,
            "frame": 1907,
            "category_id": 50034,
            "category_name": "person",
            "segmentation": [],
            "area": 46550.450000000004,
            "iscrowd": 0,
            "bbox": [
                1104.1,
                564.8,
                134.5,
                346.1
            ],
            "isbbox": true,
            "attributes": {},
            "keypoints": [
                1138.47,
                595.34,
                0,
                1131.55,
                586.74,
                0,
                1144.7,
                587.6,
                0,
                1118.8,
                597.88,
                0,
                1154.42,
                593.77,
                0,
                1113.89,
                626.58,
                2,
                1172.35,
                631.74,
                2,
                1110.75,
                684.77,
                0,
                1197.72,
                695.09,
                0,
                1108.36,
                746.13,
                0,
                1221.85,
                734.42,
                1,
                1131.44,
                734.38,
                1,
                1169.81,
                734.74,
                1,
                1108.26,
                808.72,
                0,
                1163.04,
                821.07,
                2,
                1111.04,
                876.0,
                1,
                1157.12,
                890.52,
                2
            ],
            "num_keypoints": 17,
            "polylines": []
        },
        {
            "id": 7297,
            "source_id": 96365618,
            "track_id": null,
            "image_id": 1907,
            "frame": 1907,
            "category_id": 50034,
            "category_name": "person",
            "segmentation": [],
            "area": 26554.970000000016,
            "iscrowd": 0,
            "bbox": [
                1187.8,
                559.3,
                82.70000000000005,
                321.1
            ],
            "isbbox": true,
            "attributes": {},
            "keypoints": [
                1221.85,
                587.16,
                2,
                1230.44,
                582.39,
                2,
                1218.84,
                581.58,
                2,
                1242.79,
                587.57,
                2,
                1215.2,
                581.01,
                1,
                1258.56,
                624.97,
                2,
                1201.31,
                623.32,
                2,
                1263.62,
                672.27,
                2,
                1194.9,
                675.97,
                1,
                1259.8,
                715.94,
                2,
                1201.52,
                711.77,
                1,
                1242.99,
                702.29,
                2,
                1208.39,
                701.9,
                1,
                1242.21,
                801.07,
                2,
                1204.54,
                799.23,
                2,
                1242.21,
                857.18,
                2,
                1204.99,
                857.43,
                2
            ],
            "num_keypoints": 17,
            "polylines": []
        },
        {
            "id": 7298,
            "source_id": 96759057,
            "track_id": null,
            "image_id": 1907,
            "frame": 1907,
            "category_id": 50034,
            "category_name": "person",
            "segmentation": [],
            "area": 98479.78240000005,
            "iscrowd": 0,
            "bbox": [
                920.9,
                575.52,
                217.7600000000001,
                452.24
            ],
            "isbbox": true,
            "attributes": {},
            "keypoints": [
                1070.04,
                623.74,
                0,
                1057.75,
                607.46,
                0,
                1076.66,
                609.3,
                0,
                1047.88,
                621.02,
                2,
                1089.84,
                613.76,
                2,
                1020.47,
                648.0,
                2,
                1116.63,
                647.55,
                2,
                970.54,
                684.0,
                2,
                1123.72,
                727.11,
                2,
                938.27,
                725.37,
                1,
                1099.74,
                724.1,
                0,
                1061.31,
                791.7,
                2,
                1106.96,
                790.93,
                2,
                1052.7,
                818.51,
                2,
                1102.69,
                896.59,
                2,
                1065.09,
                898.46,
                2,
                1087.21,
                978.08,
                2
            ],
            "num_keypoints": 17,
            "polylines": []
        }
    ]
}